/*
Navicat MySQL Data Transfer

Source Server         : mariaDB
Source Server Version : 50505
Source Host           : localhost:3308
Source Database       : lolin

Target Server Type    : MYSQL
Target Server Version : 50505
File Encoding         : 65001

Date: 2018-08-28 16:47:26
*/

SET FOREIGN_KEY_CHECKS=0;

-- ----------------------------
-- Table structure for bank
-- ----------------------------
DROP TABLE IF EXISTS `bank`;
CREATE TABLE `bank` (
  `id` int(11) NOT NULL AUTO_INCREMENT,
  `jenis_bank_id` int(11) DEFAULT NULL,
  `nama_bank` varchar(255) DEFAULT NULL,
  `kantor_pusat` varchar(255) DEFAULT NULL,
  PRIMARY KEY (`id`),
  KEY `bank_ibfk_1` (`jenis_bank_id`),
  CONSTRAINT `bank_ibfk_1` FOREIGN KEY (`jenis_bank_id`) REFERENCES `jenis_bank` (`id`) ON UPDATE CASCADE
) ENGINE=InnoDB AUTO_INCREMENT=135 DEFAULT CHARSET=utf8;

-- ----------------------------
-- Records of bank
-- ----------------------------
INSERT INTO `bank` VALUES ('1', '1', 'Bank Indonesia (BI)', 'Jakarta');
INSERT INTO `bank` VALUES ('2', '2', 'Bank Mandiri', 'Jakarta');
INSERT INTO `bank` VALUES ('3', '2', 'Bank Negara Indonesia (BNI)', 'Jakarta');
INSERT INTO `bank` VALUES ('4', '2', 'Bank Rakyat Indonesia (BRI)', 'Jakarta');
INSERT INTO `bank` VALUES ('5', '2', 'Bank Tabungan Negara (BTN)', 'Jakarta');
INSERT INTO `bank` VALUES ('6', '3', 'Bank BRI Agroniaga', 'Jakarta');
INSERT INTO `bank` VALUES ('7', '3', 'Bank Anda', 'Surabaya');
INSERT INTO `bank` VALUES ('8', '3', 'Bank Artha Graha Internasional	', 'Jakarta');
INSERT INTO `bank` VALUES ('9', '3', 'Bank Bukopin', 'Jakarta');
INSERT INTO `bank` VALUES ('10', '3', 'Bank Bumi Arta', 'Jakarta');
INSERT INTO `bank` VALUES ('11', '3', 'Bank Capital Indonesia', 'Jakarta');
INSERT INTO `bank` VALUES ('12', '3', 'Bank Central Asia (BCA)', 'Jakarta');
INSERT INTO `bank` VALUES ('13', '3', 'Bank CIMB Niaga', 'Jakarta');
INSERT INTO `bank` VALUES ('14', '3', 'Bank Danamon Indonesia', 'Jakarta');
INSERT INTO `bank` VALUES ('15', '3', 'Bank Ekonomi Raharja', 'Jakarta');
INSERT INTO `bank` VALUES ('16', '3', 'Bank Ganesha', 'Jakarta');
INSERT INTO `bank` VALUES ('17', '3', 'Bank KEB Hana', 'Jakarta');
INSERT INTO `bank` VALUES ('18', '3', 'Bank Woori Saudara', 'Jakarta');
INSERT INTO `bank` VALUES ('19', '3', 'Bank ICBC Indonesia', 'Jakarta');
INSERT INTO `bank` VALUES ('20', '3', 'Bank Index Selindo', 'Jakarta');
INSERT INTO `bank` VALUES ('21', '3', 'Bank Maybank Indonesia', 'Jakarta');
INSERT INTO `bank` VALUES ('22', '3', 'Bank Maspion', 'Surabaya');
INSERT INTO `bank` VALUES ('23', '3', 'Bank Mayapada', 'Jakarta');
INSERT INTO `bank` VALUES ('24', '3', 'Bank Mega', 'Jakarta');
INSERT INTO `bank` VALUES ('25', '3', 'Bank Mestika Dharma', 'Medan');
INSERT INTO `bank` VALUES ('26', '3', 'Bank Shinhan Indonesia', 'Jakarta');
INSERT INTO `bank` VALUES ('27', '3', 'Bank MNC Internasional', 'Jakarta');
INSERT INTO `bank` VALUES ('28', '3', 'Bank J Trust Indonesia', 'Jakarta');
INSERT INTO `bank` VALUES ('29', '3', 'Bank Nusantara Parahyangan', 'Bandung');
INSERT INTO `bank` VALUES ('30', '3', 'Bank OCBC NISP', 'Jakarta');
INSERT INTO `bank` VALUES ('31', '3', 'Bank of India Indonesia', 'Jakarta');
INSERT INTO `bank` VALUES ('32', '3', 'Panin Bank', 'Jakarta');
INSERT INTO `bank` VALUES ('33', '3', 'Bank Permata', 'Jakarta');
INSERT INTO `bank` VALUES ('34', '3', 'Bank QNB Indonesia', 'Jakarta');
INSERT INTO `bank` VALUES ('35', '3', 'Bank SBI Indonesia', 'Jakarta');
INSERT INTO `bank` VALUES ('36', '3', 'Bank Sinarmas', 'Jakarta');
INSERT INTO `bank` VALUES ('37', '3', 'Bank UOB Indonesia', 'Jakarta');
INSERT INTO `bank` VALUES ('38', '4', 'Amar Bank Indonesia', 'Surabaya');
INSERT INTO `bank` VALUES ('39', '4', 'Bank Andara', 'Jakarta');
INSERT INTO `bank` VALUES ('40', '4', 'Bank Artos Indonesia', 'Bandung');
INSERT INTO `bank` VALUES ('41', '4', 'Bank Bisnis Internasional', 'Bandung');
INSERT INTO `bank` VALUES ('42', '4', 'Bank Tabungan Pensiunan Nasional', 'Bandung');
INSERT INTO `bank` VALUES ('43', '4', 'Bank Sahabat Sampoerna', '	Jakarta');
INSERT INTO `bank` VALUES ('44', '4', 'Bank Fama Internasional', 'Bandung');
INSERT INTO `bank` VALUES ('45', '4', 'Bank Harda Internasional', '	Jakarta');
INSERT INTO `bank` VALUES ('46', '4', 'Bank Ina Perdana', '	Jakarta');
INSERT INTO `bank` VALUES ('47', '4', 'Bank Jasa Jakarta', '	Jakarta');
INSERT INTO `bank` VALUES ('48', '4', 'Bank Kesejahteraan Ekonomi', '	Jakarta');
INSERT INTO `bank` VALUES ('49', '4', 'Bank Dinar Indonesia', '	Jakarta');
INSERT INTO `bank` VALUES ('50', '4', 'Bank Mayora', '	Jakarta');
INSERT INTO `bank` VALUES ('51', '4', 'Bank Mitraniaga', '	Jakarta');
INSERT INTO `bank` VALUES ('52', '4', 'Bank Multi Arta Sentosa', '	Jakarta');
INSERT INTO `bank` VALUES ('53', '4', 'Bank Nationalnobu', '	Jakarta');
INSERT INTO `bank` VALUES ('54', '4', 'Prima Master Bank', '	Jakarta');
INSERT INTO `bank` VALUES ('55', '4', 'Bank Pundi Indonesia', '	Jakarta');
INSERT INTO `bank` VALUES ('56', '4', 'Bank Royal Indonesia', '	Jakarta');
INSERT INTO `bank` VALUES ('57', '4', 'Bank Mandiri Taspen Pos', '	Jakarta');
INSERT INTO `bank` VALUES ('58', '4', 'Bank Victoria Internasional', '	Jakarta');
INSERT INTO `bank` VALUES ('59', '4', 'Bank Yudha Bhakti', '	Jakarta');
INSERT INTO `bank` VALUES ('60', '5', 'Bank BPD Aceh', 'Banda Aceh');
INSERT INTO `bank` VALUES ('61', '5', 'Bank Sumut', 'Medan');
INSERT INTO `bank` VALUES ('62', '5', 'Bank Nagari', 'Padang');
INSERT INTO `bank` VALUES ('63', '5', 'Bank Riau Kepri', 'Pekanbaru');
INSERT INTO `bank` VALUES ('64', '5', 'Bank Jambi', 'Jambi');
INSERT INTO `bank` VALUES ('65', '5', 'Bank Bengkulu', 'Bengkulu');
INSERT INTO `bank` VALUES ('66', '5', 'Bank Sumsel Babel', 'Palembang');
INSERT INTO `bank` VALUES ('67', '5', 'Bank Lampung', 'Bandar Lampung');
INSERT INTO `bank` VALUES ('68', '5', 'Bank DKI', '	Jakarta');
INSERT INTO `bank` VALUES ('69', '5', 'Bank BJB', 'Bandung');
INSERT INTO `bank` VALUES ('70', '5', 'Bank Jateng', 'Semarang');
INSERT INTO `bank` VALUES ('71', '5', 'Bank BPD DIY', 'Yogyakarta');
INSERT INTO `bank` VALUES ('72', '5', 'Bank Jatim', '	Surabaya');
INSERT INTO `bank` VALUES ('73', '5', 'Bank Kalbar', 'Pontianak');
INSERT INTO `bank` VALUES ('74', '5', 'Bank Kalteng', 'Palangka Raya');
INSERT INTO `bank` VALUES ('75', '5', 'Bank Kalsel', 'Banjarmasin');
INSERT INTO `bank` VALUES ('76', '5', 'Bank Kaltim', 'Samarinda');
INSERT INTO `bank` VALUES ('77', '5', 'Bank Sulsel', 'Makassar');
INSERT INTO `bank` VALUES ('78', '5', 'Bank Sultra', 'Kendari');
INSERT INTO `bank` VALUES ('79', '5', 'Bank BPD Sulteng', 'Palu');
INSERT INTO `bank` VALUES ('80', '5', 'Bank Sulut', 'Manado');
INSERT INTO `bank` VALUES ('81', '5', 'Bank BPD Bali', 'Denpasar');
INSERT INTO `bank` VALUES ('82', '5', 'Bank NTB', 'Mataram');
INSERT INTO `bank` VALUES ('83', '5', 'Bank NTT', 'Kupang');
INSERT INTO `bank` VALUES ('84', '5', 'Bank Maluku', 'Ambon');
INSERT INTO `bank` VALUES ('85', '5', 'Bank Papua', 'Jayapura');
INSERT INTO `bank` VALUES ('86', '6', 'Bank ANZ Indonesia', '	Jakarta');
INSERT INTO `bank` VALUES ('87', '6', 'Bank Commonwealth', '	Jakarta');
INSERT INTO `bank` VALUES ('88', '6', 'Bank Agris', '	Jakarta');
INSERT INTO `bank` VALUES ('89', '6', 'Bank BNP Paribas Indonesia', '	Jakarta');
INSERT INTO `bank` VALUES ('90', '6', 'Bank Capital Indonesia', '	Jakarta');
INSERT INTO `bank` VALUES ('91', '6', 'Bank Chinatrust Indonesia', '	Jakarta');
INSERT INTO `bank` VALUES ('92', '6', 'Bank DBS Indonesia', '	Jakarta');
INSERT INTO `bank` VALUES ('93', '6', 'Bank Mizuho Indonesia', '	Jakarta');
INSERT INTO `bank` VALUES ('94', '6', 'Bank Rabobank International Indonesia', '	Jakarta');
INSERT INTO `bank` VALUES ('95', '6', 'Bank Resona Perdania', '	Jakarta');
INSERT INTO `bank` VALUES ('96', '6', 'Bank Sumitomo Mitsui Indonesia', '	Jakarta');
INSERT INTO `bank` VALUES ('97', '6', 'Bank Windu Kentjana International', '	Jakarta');
INSERT INTO `bank` VALUES ('98', '7', 'Bank of America', '	Jakarta');
INSERT INTO `bank` VALUES ('99', '7', 'Bangkok Bank', '	Jakarta');
INSERT INTO `bank` VALUES ('100', '7', 'Bank of China', '	Jakarta');
INSERT INTO `bank` VALUES ('101', '7', 'Citibank', '	Jakarta');
INSERT INTO `bank` VALUES ('102', '7', 'Deutsche Bank', '	Jakarta');
INSERT INTO `bank` VALUES ('103', '7', 'HSBC', '	Jakarta');
INSERT INTO `bank` VALUES ('104', '7', 'JPMorgan Chase', '	Jakarta');
INSERT INTO `bank` VALUES ('105', '7', 'Standard Chartered', '	Jakarta');
INSERT INTO `bank` VALUES ('106', '7', 'The Bank of Tokyo-Mitsubishi UFJ', '	Jakarta');
INSERT INTO `bank` VALUES ('107', '8', 'Bank BNI Syariah', '	Jakarta');
INSERT INTO `bank` VALUES ('108', '8', 'Bank Mega Syariah', '	Jakarta');
INSERT INTO `bank` VALUES ('109', '8', 'Bank Muamalat Indonesia', '	Jakarta');
INSERT INTO `bank` VALUES ('110', '8', 'Bank Syariah Mandiri', '	Jakarta');
INSERT INTO `bank` VALUES ('111', '8', 'BCA Syariah', '	Jakarta');
INSERT INTO `bank` VALUES ('112', '8', 'Bank BJB Syariah', '	Jakarta');
INSERT INTO `bank` VALUES ('113', '8', 'Bank BRI Syariah', '	Jakarta');
INSERT INTO `bank` VALUES ('114', '8', 'Panin Bank Syariah', '	Jakarta');
INSERT INTO `bank` VALUES ('115', '8', 'Bank Syariah Bukopin', '	Jakarta');
INSERT INTO `bank` VALUES ('116', '8', 'Bank Victoria Syariah', '	Jakarta');
INSERT INTO `bank` VALUES ('117', '8', 'BTPN Syariah', '	Jakarta');
INSERT INTO `bank` VALUES ('118', '8', 'Bank Maybank Syariah Indonesia', '	Jakarta');
INSERT INTO `bank` VALUES ('119', '8', 'Bank BTN Syariah', '	Jakarta');
INSERT INTO `bank` VALUES ('120', '8', 'Bank Danamon Syariah', '	Jakarta');
INSERT INTO `bank` VALUES ('121', '8', 'CIMB Niaga Syariah', '	Jakarta');
INSERT INTO `bank` VALUES ('122', '8', 'BII Syariah', '	Jakarta');
INSERT INTO `bank` VALUES ('123', '8', 'OCBC NISP Syariah', '	Jakarta');
INSERT INTO `bank` VALUES ('124', '8', 'Bank Permata Syariah', '	Jakarta');
INSERT INTO `bank` VALUES ('125', '8', 'Bank Nagari Syariah', 'Padang');
INSERT INTO `bank` VALUES ('126', '8', 'Bank BPD Aceh Syariah', 'Banda Aceh');
INSERT INTO `bank` VALUES ('127', '8', 'Bank DKI Syariah', '	Jakarta');
INSERT INTO `bank` VALUES ('128', '8', 'Bank Kalbar Syariah', 'Pontianak');
INSERT INTO `bank` VALUES ('129', '8', 'Bank Kalsel Syariah', 'Banjarmasin');
INSERT INTO `bank` VALUES ('130', '8', 'Bank NTB Syariah', 'Mataram');
INSERT INTO `bank` VALUES ('131', '8', 'Bank Riau Kepri Syariah', 'Pekanbaru');
INSERT INTO `bank` VALUES ('132', '8', 'Bank Sumsel Babel Syariah', 'Palembang');
INSERT INTO `bank` VALUES ('133', '8', 'Bank Sumut Syariah', 'Medan');
INSERT INTO `bank` VALUES ('134', '8', 'Bank Kaltim Syariah', 'Samarinda');

-- ----------------------------
-- Table structure for banner
-- ----------------------------
DROP TABLE IF EXISTS `banner`;
CREATE TABLE `banner` (
  `id` int(10) unsigned NOT NULL AUTO_INCREMENT,
  `caption` varchar(255) DEFAULT NULL,
  `deskripsi` varchar(255) DEFAULT NULL,
  `nama_file` varchar(255) DEFAULT NULL,
  `link` text DEFAULT NULL,
  `class_active` int(11) DEFAULT NULL,
  `perbolehkan_tampil` int(11) DEFAULT NULL,
  `clicked` int(11) DEFAULT NULL,
  `urutan` int(11) DEFAULT NULL,
  `tanggal` datetime DEFAULT NULL,
  `admin_id` int(11) DEFAULT NULL,
  PRIMARY KEY (`id`)
) ENGINE=InnoDB AUTO_INCREMENT=8 DEFAULT CHARSET=utf8;

-- ----------------------------
-- Records of banner
-- ----------------------------
INSERT INTO `banner` VALUES ('4', 'Outer Space', '', 'sir_sir_1530334642.jpg', 'http://localhost/lolinid/product/lolin-kids-3-in-1-outer-space-250ml', '1', '1', null, '1', '2018-06-25 08:29:26', '16');
INSERT INTO `banner` VALUES ('6', 'aku ingin bersamamu', '', 'aku_ingin_bersamamu_1530334862.jpg', 'http://localhost/lolinid/product', '0', '1', null, '1', '2018-06-25 06:39:12', '16');
INSERT INTO `banner` VALUES ('7', 'Hijab Kids', '', 'hijab_kids_1530335260.jpg', 'http://localhost/lolinid/product/lolin-kids-shampoo-hijab-100ml', '0', '1', null, '3', '2018-06-30 12:07:40', '16');

-- ----------------------------
-- Table structure for blog
-- ----------------------------
DROP TABLE IF EXISTS `blog`;
CREATE TABLE `blog` (
  `id` int(10) unsigned NOT NULL AUTO_INCREMENT,
  `kategori_id` int(10) unsigned NOT NULL,
  `judul` varchar(255) DEFAULT NULL,
  `sub_judul` varchar(255) DEFAULT NULL,
  `slug` varchar(255) DEFAULT NULL,
  `penulis` varchar(255) DEFAULT NULL,
  `keyword` varchar(255) DEFAULT NULL,
  `tag_id` text DEFAULT NULL,
  `sumber_berita` varchar(255) DEFAULT NULL,
  `tanggal_posting` varchar(255) DEFAULT NULL,
  `jumlah_dilihat` varchar(255) DEFAULT NULL,
  `perbolehkan_komentar` varchar(255) DEFAULT NULL,
  `perbolehkan_tampil` varchar(255) DEFAULT NULL,
  `admin_id` int(11) DEFAULT NULL,
  PRIMARY KEY (`id`),
  KEY `blog_ibfk_1` (`kategori_id`),
  CONSTRAINT `blog_ibfk_1` FOREIGN KEY (`kategori_id`) REFERENCES `kategori_blog` (`id`) ON UPDATE CASCADE
) ENGINE=InnoDB AUTO_INCREMENT=40 DEFAULT CHARSET=utf8;

-- ----------------------------
-- Records of blog
-- ----------------------------
INSERT INTO `blog` VALUES ('30', '5', 'Alergi Pada Anak', 'Alergi Pada Anak', 'alergi-pada-anak', 'Admin', 'Perawatan Anak Sejak Dini, Alergi Pada Anak', 'a:2:{i:0;s:1:\"5\";i:1;s:1:\"6\";}', 'PT LOLIN BERJAYA MULIA', '2018-06-30 06:22:49', null, '1', '1', '16');
INSERT INTO `blog` VALUES ('31', '5', 'Bagian Tubuh Anak Rentan Terkena Kuman', 'Bagian Tubuh Anak Rentan Terkena Kuman', 'bagian-tubuh-anak-rentan-terkena-kuman', 'Admin', 'Perawatan Anak Sejak Dini, Bagian Tubuh Anak Rentan Terkena Kuman', 'a:2:{i:0;s:1:\"5\";i:1;s:1:\"6\";}', 'PT LOLIN BERJAYA MULIA', '2018-06-30 06:29:11', null, '1', '1', '16');
INSERT INTO `blog` VALUES ('32', '5', 'Bahan-Bahan Kimia di Produk Perawatan', 'Bahan-Bahan Kimia di Produk Perawatan', 'bahan-bahan-kimia-di-produk-perawatan', 'Admin', 'Perawatan Anak Sejak Dini, Bahan-Bahan Kimia di Produk Perawatan', 'a:2:{i:0;s:1:\"5\";i:1;s:1:\"6\";}', 'PT LOLIN BERJAYA MULIA', '2018-06-30 06:30:55', null, '1', '1', '16');
INSERT INTO `blog` VALUES ('33', '5', 'Eczema Pada Anak-Anak', 'Eczema Pada Anak-Anak', 'eczema-pada-anak-anak', 'Admin', 'Perawatan Anak Sejak Dini, Eczema Pada Anak-Anak', 'a:2:{i:0;s:1:\"5\";i:1;s:1:\"6\";}', 'PT LOLIN BERJAYA MULIA', '2018-06-30 06:38:07', null, '1', '1', '16');
INSERT INTO `blog` VALUES ('34', '5', 'Kelembaban Tubuh Anak', 'Kelembaban Tubuh Anak', 'kelembaban-tubuh-anak', 'Admin', 'Perawatan Anak Sejak Dini, Kelembaban Tubuh Anak', 'a:2:{i:0;s:1:\"5\";i:1;s:1:\"6\";}', 'PT LOLIN BERJAYA MULIA', '2018-06-30 06:39:41', null, '1', '1', '16');
INSERT INTO `blog` VALUES ('35', '5', 'Mengobati Gigitan Serangga', 'Mengobati Gigitan Serangga', 'mengobati-gigitan-serangga', 'Admin', 'Perawatan Anak Sejak Dini, Mengobati Gigitan Serangga', 'a:2:{i:0;s:1:\"5\";i:1;s:1:\"6\";}', 'PT LOLIN BERJAYA MULIA', '2018-06-30 06:45:54', null, '1', '1', '16');
INSERT INTO `blog` VALUES ('36', '5', 'Mengurai Rambut Kusut Anak Perempuan', 'Mengurai Rambut Kusut Anak Perempuan', 'mengurai-rambut-kusut-anak-perempuan', 'Admin', 'Perawatan Anak Sejak Dini, Mengurai Rambut Kusut Anak Perempuan', 'a:2:{i:0;s:1:\"5\";i:1;s:1:\"6\";}', 'PT LOLIN BERJAYA MULIA', '2018-06-30 06:47:53', null, '1', '1', '16');
INSERT INTO `blog` VALUES ('37', '5', 'Merawat Kulit Anak-anak', 'Merawat Kulit Anak-anak', 'merawat-kulit-anak-anak', 'Admin', 'Perawatan Anak Sejak Dini, Merawat Kulit Anak-anak', 'a:2:{i:0;s:1:\"5\";i:1;s:1:\"6\";}', 'PT LOLIN BERJAYA MULIA', '2018-06-30 06:50:32', null, '1', '1', '16');
INSERT INTO `blog` VALUES ('38', '5', 'Merawat Sejak Dini', 'Merawat Sejak Dini', 'merawat-sejak-dini', 'Admin', 'Perawatan Anak Sejak Dini, Merawat Sejak Dini', 'a:2:{i:0;s:1:\"5\";i:1;s:1:\"6\";}', 'PT LOLIN BERJAYA MULIA', '2018-06-30 06:51:37', null, '1', '1', '16');
INSERT INTO `blog` VALUES ('39', '5', 'Sampo & Kondisioner yang Tepat', 'Sampo & Kondisioner yang Tepat', 'sampo-kondisioner-yang-tepat', 'Admin', 'Perawatan Anak Sejak Dini, Sampo & Kondisioner yang Tepat', 'a:2:{i:0;s:1:\"5\";i:1;s:1:\"6\";}', 'PT LOLIN BERJAYA MULIA', '2018-06-30 06:52:51', null, '1', '1', '16');

-- ----------------------------
-- Table structure for bonus_poin
-- ----------------------------
DROP TABLE IF EXISTS `bonus_poin`;
CREATE TABLE `bonus_poin` (
  `bonus_poin_id` int(11) NOT NULL AUTO_INCREMENT,
  `group_id` mediumint(11) unsigned DEFAULT NULL,
  `nama_jenis_bonus` varchar(255) DEFAULT NULL,
  `nilai_bonus` int(11) DEFAULT NULL,
  `poin_bonus` varchar(255) DEFAULT NULL,
  `bonus_aktif` varchar(255) DEFAULT NULL,
  PRIMARY KEY (`bonus_poin_id`),
  KEY `bonus_poin_ibfk_1` (`group_id`),
  CONSTRAINT `bonus_poin_ibfk_1` FOREIGN KEY (`group_id`) REFERENCES `groups` (`id`) ON UPDATE CASCADE
) ENGINE=InnoDB AUTO_INCREMENT=21 DEFAULT CHARSET=utf8;

-- ----------------------------
-- Records of bonus_poin
-- ----------------------------
INSERT INTO `bonus_poin` VALUES ('19', '3', 'Uang Rp. 250000', '250000', '250', '1');
INSERT INTO `bonus_poin` VALUES ('20', '4', 'Uang Rp. 2500000', '2500000', '2500', '1');

-- ----------------------------
-- Table structure for change_poin_member
-- ----------------------------
DROP TABLE IF EXISTS `change_poin_member`;
CREATE TABLE `change_poin_member` (
  `cpmId` int(11) NOT NULL AUTO_INCREMENT,
  `usersId` varchar(100) NOT NULL,
  `bonusId` int(11) NOT NULL,
  `cpmDate` datetime NOT NULL,
  PRIMARY KEY (`cpmId`),
  KEY `bonusId` (`bonusId`),
  KEY `change_poin_member_ibfk_1` (`usersId`)
) ENGINE=InnoDB DEFAULT CHARSET=utf8;

-- ----------------------------
-- Records of change_poin_member
-- ----------------------------

-- ----------------------------
-- Table structure for ci_sessions
-- ----------------------------
DROP TABLE IF EXISTS `ci_sessions`;
CREATE TABLE `ci_sessions` (
  `id` varchar(40) NOT NULL,
  `ip_address` varchar(45) NOT NULL,
  `timestamp` int(10) unsigned NOT NULL DEFAULT 0,
  `data` blob NOT NULL,
  PRIMARY KEY (`id`,`ip_address`),
  KEY `ci_sessions_timestamp` (`timestamp`)
) ENGINE=InnoDB DEFAULT CHARSET=utf8;

-- ----------------------------
-- Records of ci_sessions
-- ----------------------------
INSERT INTO `ci_sessions` VALUES ('03f21faa56fb483110b795d1694b033d1d90e8ec', '::1', '1535441492', 0x5F5F63695F6C6173745F726567656E65726174657C693A313533353434313431343B6D79636170746368617C733A343A2239746F4A223B656D61696C7C733A32303A226C6566692E616E647269406B6F6B656B2E636F6D223B69647C733A323A223136223B757365725F69647C733A323A223136223B67726F75705F69647C733A313A2231223B67726F75707C733A353A2261646D696E223B6C6F6C696E5F75726C6261636B5F6261636B656E647C733A34343A226261636B656E642F6F726465725F70656E64696E675F726573656C6C65725F707269626164692F696E646578223B);
INSERT INTO `ci_sessions` VALUES ('1e6dde662ca5009568f5b0ab2ff9d86db3953f7d', '::1', '1535443058', 0x5F5F63695F6C6173745F726567656E65726174657C693A313533353434323731363B6C6F6C696E5F75726C6261636B5F66726F6E74656E647C733A343A2263617274223B636170746368615F6C6F67696E7C733A343A2263613253223B6D79636170746368617C733A343A225A507469223B6F726465725F636F64655F6E6F6E5F726573656C6C65727C733A31373A224F4E522D32383038323031382D30303031223B6F726465725F636F64655F726573656C6C65727C733A31373A224F4D522D32383038323031382D30303031223B636172745F636F6E74656E74737C613A343A7B733A31303A22636172745F746F74616C223B643A34353030303B733A31313A22746F74616C5F6974656D73223B643A323B733A33323A223136373930393163356138383066616636666235653630383765623162326463223B613A363A7B733A323A226964223B733A313A2236223B733A333A22717479223B643A313B733A353A227072696365223B643A33303030303B733A343A226E616D65223B733A33353A224C4F4C494E204B696473203320696E2031204F55544552205350414345203235306D6C223B733A353A22726F776964223B733A33323A223136373930393163356138383066616636666235653630383765623162326463223B733A383A22737562746F74616C223B643A33303030303B7D733A33323A226138376666363739613266336537316439313831613637623735343231323263223B613A363A7B733A323A226964223B733A313A2234223B733A333A22717479223B643A313B733A353A227072696365223B643A31353030303B733A343A226E616D65223B733A33343A224C4F4C494E204B6964732046616369616C2057617368204752415045203130306D6C223B733A353A22726F776964223B733A33323A226138376666363739613266336537316439313831613637623735343231323263223B733A383A22737562746F74616C223B643A31353030303B7D7D);
INSERT INTO `ci_sessions` VALUES ('214bc975b92b959eb244ad2771837e5bc359a94a', '::1', '1535440903', 0x5F5F63695F6C6173745F726567656E65726174657C693A313533353434303331363B6C6F6C696E5F75726C6261636B5F66726F6E74656E647C733A373A227061796D656E74223B636172745F636F6E74656E74737C613A353A7B733A31303A22636172745F746F74616C223B643A35333530303B733A31313A22746F74616C5F6974656D73223B643A333B733A33323A223435633438636365326532643766626465613161666335316337633661643236223B613A363A7B733A323A226964223B733A313A2239223B733A333A22717479223B643A313B733A353A227072696365223B643A393530303B733A343A226E616D65223B733A33323A224C4F4C494E204B69647320426F647920576173682048696A6162203130306D6C223B733A353A22726F776964223B733A33323A223435633438636365326532643766626465613161666335316337633661643236223B733A383A22737562746F74616C223B643A393530303B7D733A33323A226433643934343638303261343432353937353564333865366431363365383230223B613A363A7B733A323A226964223B733A323A223130223B733A333A22717479223B643A313B733A353A227072696365223B643A32303030303B733A343A226E616D65223B733A32363A224C4F4C494E204B69647320466F6F742053707261792036306D6C223B733A353A22726F776964223B733A33323A226433643934343638303261343432353937353564333865366431363365383230223B733A383A22737562746F74616C223B643A32303030303B7D733A33323A226338316537323864396434633266363336663036376638396363313438363263223B613A363A7B733A323A226964223B733A313A2232223B733A333A22717479223B643A313B733A353A227072696365223B643A32343030303B733A343A226E616D65223B733A33343A224C4F4C494E204B69647320426F6479204C6F74696F6E204752415045203230306D6C223B733A353A22726F776964223B733A33323A226338316537323864396434633266363336663036376638396363313438363263223B733A383A22737562746F74616C223B643A32343030303B7D7D636170746368615F6C6F67696E7C733A343A226D486531223B6D79636170746368617C733A343A226A757769223B6E616D615F6C656E676B61705F6F726465727C733A31313A224C65666920436865736E61223B74656C65706F6E5F6F726465727C733A333A22313233223B656D61696C5F6F726465727C733A383A2261614061612E6161223B70726F76696E73697C733A31373A22322C42616E676B612042656C6974756E67223B6B6F74617C733A393A2232372C42616E676B61223B616C616D61747C733A33313A224A6C2E2050726170656E20496E646168204A2D313261205375726162617961223B6B6F64655F706F737C733A343A2234353737223B6B757269727C733A333A22706F73223B6C6179616E616E7C733A34343A2233353530302C50616B6574204B696C6174204B68757375732850616B6574204B696C6174204B687573757329223B737562746F74616C5F6F726465727C733A353A223533353030223B62657261745F6F726465727C733A333A22343835223B6F6E676B69725F6F726465727C733A353A223335353030223B746F74616C5F6F726465727C733A353A223839303030223B);
INSERT INTO `ci_sessions` VALUES ('25a6cf22761bfa0f3c1f080465c266e7a9d67062', '::1', '1535448147', 0x5F5F63695F6C6173745F726567656E65726174657C693A313533353434343937303B6C6F6C696E5F75726C6261636B5F66726F6E74656E647C733A383A22726573656C6C6572223B636170746368615F6C6F67696E7C733A343A22586E6E6A223B6D79636170746368617C733A343A2254614337223B6F726465725F636F64655F6E6F6E5F726573656C6C65727C733A31373A224F4E522D32383038323031382D30303031223B6F726465725F636F64655F726573656C6C65727C733A31373A224F4D522D32383038323031382D30303031223B636172745F636F6E74656E74737C613A343A7B733A31303A22636172745F746F74616C223B643A34353030303B733A31313A22746F74616C5F6974656D73223B643A323B733A33323A223136373930393163356138383066616636666235653630383765623162326463223B613A363A7B733A323A226964223B733A313A2236223B733A333A22717479223B643A313B733A353A227072696365223B643A33303030303B733A343A226E616D65223B733A33353A224C4F4C494E204B696473203320696E2031204F55544552205350414345203235306D6C223B733A353A22726F776964223B733A33323A223136373930393163356138383066616636666235653630383765623162326463223B733A383A22737562746F74616C223B643A33303030303B7D733A33323A226138376666363739613266336537316439313831613637623735343231323263223B613A363A7B733A323A226964223B733A313A2234223B733A333A22717479223B643A313B733A353A227072696365223B643A31353030303B733A343A226E616D65223B733A33343A224C4F4C494E204B6964732046616369616C2057617368204752415045203130306D6C223B733A353A22726F776964223B733A33323A226138376666363739613266336537316439313831613637623735343231323263223B733A383A22737562746F74616C223B643A31353030303B7D7D);
INSERT INTO `ci_sessions` VALUES ('357eceb133f074784bb3ad04ee57a9a2a0c7d12e', '::1', '1535441871', 0x5F5F63695F6C6173745F726567656E65726174657C693A313533353434313831343B6D79636170746368617C733A343A2239746F4A223B656D61696C7C733A32303A226C6566692E616E647269406B6F6B656B2E636F6D223B69647C733A323A223136223B757365725F69647C733A323A223136223B67726F75705F69647C733A313A2231223B67726F75707C733A353A2261646D696E223B6C6F6C696E5F75726C6261636B5F6261636B656E647C733A32383A226261636B656E642F6B6F6E74656E5F68616C616D616E2F696E646578223B69645F73656B6172616E677C733A313A2232223B);
INSERT INTO `ci_sessions` VALUES ('415039f8803f55965902302438605c6e9e70176c', '::1', '1535441731', 0x5F5F63695F6C6173745F726567656E65726174657C693A313533353434313239323B6C6F6C696E5F75726C6261636B5F66726F6E74656E647C733A343A2263617274223B636170746368615F6C6F67696E7C733A343A226C4F7230223B6D79636170746368617C733A343A2235316670223B6F726465725F636F64655F6E6F6E5F726573656C6C65727C733A31373A224F4E522D32383038323031382D30303031223B6F726465725F636F64655F726573656C6C65727C733A31373A224F4D522D32383038323031382D30303031223B636172745F636F6E74656E74737C613A343A7B733A31303A22636172745F746F74616C223B643A34353030303B733A31313A22746F74616C5F6974656D73223B643A323B733A33323A223136373930393163356138383066616636666235653630383765623162326463223B613A363A7B733A323A226964223B733A313A2236223B733A333A22717479223B643A313B733A353A227072696365223B643A33303030303B733A343A226E616D65223B733A33353A224C4F4C494E204B696473203320696E2031204F55544552205350414345203235306D6C223B733A353A22726F776964223B733A33323A223136373930393163356138383066616636666235653630383765623162326463223B733A383A22737562746F74616C223B643A33303030303B7D733A33323A226138376666363739613266336537316439313831613637623735343231323263223B613A363A7B733A323A226964223B733A313A2234223B733A333A22717479223B643A313B733A353A227072696365223B643A31353030303B733A343A226E616D65223B733A33343A224C4F4C494E204B6964732046616369616C2057617368204752415045203130306D6C223B733A353A22726F776964223B733A33323A226138376666363739613266336537316439313831613637623735343231323263223B733A383A22737562746F74616C223B643A31353030303B7D7D);
INSERT INTO `ci_sessions` VALUES ('5c5752563c8680ef835c77fbda18dd10982b5efb', '::1', '1535444745', 0x5F5F63695F6C6173745F726567656E65726174657C693A313533353434333937383B6C6F6C696E5F75726C6261636B5F66726F6E74656E647C733A383A22726573656C6C6572223B636170746368615F6C6F67696E7C733A343A22586E6E6A223B6D79636170746368617C733A343A2254614337223B6F726465725F636F64655F6E6F6E5F726573656C6C65727C733A31373A224F4E522D32383038323031382D30303031223B6F726465725F636F64655F726573656C6C65727C733A31373A224F4D522D32383038323031382D30303031223B636172745F636F6E74656E74737C613A343A7B733A31303A22636172745F746F74616C223B643A34353030303B733A31313A22746F74616C5F6974656D73223B643A323B733A33323A223136373930393163356138383066616636666235653630383765623162326463223B613A363A7B733A323A226964223B733A313A2236223B733A333A22717479223B643A313B733A353A227072696365223B643A33303030303B733A343A226E616D65223B733A33353A224C4F4C494E204B696473203320696E2031204F55544552205350414345203235306D6C223B733A353A22726F776964223B733A33323A223136373930393163356138383066616636666235653630383765623162326463223B733A383A22737562746F74616C223B643A33303030303B7D733A33323A226138376666363739613266336537316439313831613637623735343231323263223B613A363A7B733A323A226964223B733A313A2234223B733A333A22717479223B643A313B733A353A227072696365223B643A31353030303B733A343A226E616D65223B733A33343A224C4F4C494E204B6964732046616369616C2057617368204752415045203130306D6C223B733A353A22726F776964223B733A33323A226138376666363739613266336537316439313831613637623735343231323263223B733A383A22737562746F74616C223B643A31353030303B7D7D);
INSERT INTO `ci_sessions` VALUES ('6acd48fa1f758c453263306862439294bba42388', '::1', '1535449647', 0x5F5F63695F6C6173745F726567656E65726174657C693A313533353434393531393B6C6F6C696E5F75726C6261636B5F66726F6E74656E647C733A343A2263617274223B636170746368615F6C6F67696E7C733A343A2272797665223B6D79636170746368617C733A343A22676E527A223B6F726465725F636F64655F6E6F6E5F726573656C6C65727C733A31373A224F4E522D32383038323031382D30303032223B6F726465725F636F64655F726573656C6C65727C733A31373A224F4D522D32383038323031382D30303031223B656D61696C7C733A32333A226C6566692E616E64726940636865736E612E636F2E6964223B69647C733A333A22313135223B757365725F69647C733A333A22313135223B67726F75705F69647C733A313A2233223B67726F75707C733A31363A22726573656C6C65725F70726962616469223B6C6F6C696E5F75726C6261636B5F6261636B656E647C733A34323A226D656D6265722F74656D705F6F726465722F64657461696C2F4F4D522D32383038323031382D30303031223B636172745F636F6E74656E74737C613A333A7B733A31303A22636172745F746F74616C223B643A393530303B733A31313A22746F74616C5F6974656D73223B643A313B733A33323A223435633438636365326532643766626465613161666335316337633661643236223B613A363A7B733A323A226964223B733A313A2239223B733A333A22717479223B643A313B733A353A227072696365223B643A393530303B733A343A226E616D65223B733A33323A224C4F4C494E204B69647320426F647920576173682048696A6162203130306D6C223B733A353A22726F776964223B733A33323A223435633438636365326532643766626465613161666335316337633661643236223B733A383A22737562746F74616C223B643A393530303B7D7D);
INSERT INTO `ci_sessions` VALUES ('7604f71e2bfc1580575e8d5ed6eee2f80d6d1370', '::1', '1535448550', 0x5F5F63695F6C6173745F726567656E65726174657C693A313533353434383134373B6C6F6C696E5F75726C6261636B5F66726F6E74656E647C733A343A2263617274223B636170746368615F6C6F67696E7C733A343A2274735638223B6D79636170746368617C733A343A22566F7977223B6F726465725F636F64655F6E6F6E5F726573656C6C65727C733A31373A224F4E522D32383038323031382D30303031223B6F726465725F636F64655F726573656C6C65727C733A31373A224F4D522D32383038323031382D30303031223B636172745F636F6E74656E74737C613A343A7B733A31303A22636172745F746F74616C223B643A34353030303B733A31313A22746F74616C5F6974656D73223B643A323B733A33323A223136373930393163356138383066616636666235653630383765623162326463223B613A363A7B733A323A226964223B733A313A2236223B733A333A22717479223B643A313B733A353A227072696365223B643A33303030303B733A343A226E616D65223B733A33353A224C4F4C494E204B696473203320696E2031204F55544552205350414345203235306D6C223B733A353A22726F776964223B733A33323A223136373930393163356138383066616636666235653630383765623162326463223B733A383A22737562746F74616C223B643A33303030303B7D733A33323A226138376666363739613266336537316439313831613637623735343231323263223B613A363A7B733A323A226964223B733A313A2234223B733A333A22717479223B643A313B733A353A227072696365223B643A31353030303B733A343A226E616D65223B733A33343A224C4F4C494E204B6964732046616369616C2057617368204752415045203130306D6C223B733A353A22726F776964223B733A33323A226138376666363739613266336537316439313831613637623735343231323263223B733A383A22737562746F74616C223B643A31353030303B7D7D);
INSERT INTO `ci_sessions` VALUES ('79ac13cc2ce67c076a90a7acc88ff7bf8c33b4f0', '::1', '1535448019', 0x5F5F63695F6C6173745F726567656E65726174657C693A313533353434383031383B6C6F6C696E5F75726C6261636B5F66726F6E74656E647C733A383A22726573656C6C6572223B636170746368615F6C6F67696E7C733A343A22586E6E6A223B6D79636170746368617C733A343A2254614337223B6F726465725F636F64655F6E6F6E5F726573656C6C65727C733A31373A224F4E522D32383038323031382D30303031223B6F726465725F636F64655F726573656C6C65727C733A31373A224F4D522D32383038323031382D30303031223B636172745F636F6E74656E74737C613A343A7B733A31303A22636172745F746F74616C223B643A34353030303B733A31313A22746F74616C5F6974656D73223B643A323B733A33323A223136373930393163356138383066616636666235653630383765623162326463223B613A363A7B733A323A226964223B733A313A2236223B733A333A22717479223B643A313B733A353A227072696365223B643A33303030303B733A343A226E616D65223B733A33353A224C4F4C494E204B696473203320696E2031204F55544552205350414345203235306D6C223B733A353A22726F776964223B733A33323A223136373930393163356138383066616636666235653630383765623162326463223B733A383A22737562746F74616C223B643A33303030303B7D733A33323A226138376666363739613266336537316439313831613637623735343231323263223B613A363A7B733A323A226964223B733A313A2234223B733A333A22717479223B643A313B733A353A227072696365223B643A31353030303B733A343A226E616D65223B733A33343A224C4F4C494E204B6964732046616369616C2057617368204752415045203130306D6C223B733A353A22726F776964223B733A33323A226138376666363739613266336537316439313831613637623735343231323263223B733A383A22737562746F74616C223B643A31353030303B7D7D);
INSERT INTO `ci_sessions` VALUES ('91c2f9e863817ea2ae176d7316496e179501f0e8', '::1', '1535449154', 0x5F5F63695F6C6173745F726567656E65726174657C693A313533353434383535343B6C6F6C696E5F75726C6261636B5F66726F6E74656E647C733A31363A22726573656C6C65722F70726F66696C65223B636170746368615F6C6F67696E7C733A343A2272797665223B6D79636170746368617C733A343A22676E527A223B6F726465725F636F64655F6E6F6E5F726573656C6C65727C733A31373A224F4E522D32383038323031382D30303031223B6F726465725F636F64655F726573656C6C65727C733A31373A224F4D522D32383038323031382D30303031223B636172745F636F6E74656E74737C613A343A7B733A31303A22636172745F746F74616C223B643A34353030303B733A31313A22746F74616C5F6974656D73223B643A323B733A33323A223136373930393163356138383066616636666235653630383765623162326463223B613A363A7B733A323A226964223B733A313A2236223B733A333A22717479223B643A313B733A353A227072696365223B643A33303030303B733A343A226E616D65223B733A33353A224C4F4C494E204B696473203320696E2031204F55544552205350414345203235306D6C223B733A353A22726F776964223B733A33323A223136373930393163356138383066616636666235653630383765623162326463223B733A383A22737562746F74616C223B643A33303030303B7D733A33323A226138376666363739613266336537316439313831613637623735343231323263223B613A363A7B733A323A226964223B733A313A2234223B733A333A22717479223B643A313B733A353A227072696365223B643A31353030303B733A343A226E616D65223B733A33343A224C4F4C494E204B6964732046616369616C2057617368204752415045203130306D6C223B733A353A22726F776964223B733A33323A226138376666363739613266336537316439313831613637623735343231323263223B733A383A22737562746F74616C223B643A31353030303B7D7D656D61696C7C733A32333A226C6566692E616E64726940636865736E612E636F2E6964223B69647C733A333A22313135223B757365725F69647C733A333A22313135223B67726F75705F69647C733A313A2233223B67726F75707C733A31363A22726573656C6C65725F70726962616469223B6C6F6C696E5F75726C6261636B5F6261636B656E647C733A31333A226D656D6265722F72656465656D223B);
INSERT INTO `ci_sessions` VALUES ('ace816e406b695588cc7b75f7c5c57575470cc9b', '::1', '1535442223', 0x5F5F63695F6C6173745F726567656E65726174657C693A313533353434313733303B6C6F6C696E5F75726C6261636B5F66726F6E74656E647C733A393A22736869705F62696C6C223B636170746368615F6C6F67696E7C733A343A226C4F7230223B6D79636170746368617C733A343A2235316670223B6F726465725F636F64655F6E6F6E5F726573656C6C65727C733A31373A224F4E522D32383038323031382D30303031223B6F726465725F636F64655F726573656C6C65727C733A31373A224F4D522D32383038323031382D30303031223B636172745F636F6E74656E74737C613A343A7B733A31303A22636172745F746F74616C223B643A34353030303B733A31313A22746F74616C5F6974656D73223B643A323B733A33323A223136373930393163356138383066616636666235653630383765623162326463223B613A363A7B733A323A226964223B733A313A2236223B733A333A22717479223B643A313B733A353A227072696365223B643A33303030303B733A343A226E616D65223B733A33353A224C4F4C494E204B696473203320696E2031204F55544552205350414345203235306D6C223B733A353A22726F776964223B733A33323A223136373930393163356138383066616636666235653630383765623162326463223B733A383A22737562746F74616C223B643A33303030303B7D733A33323A226138376666363739613266336537316439313831613637623735343231323263223B613A363A7B733A323A226964223B733A313A2234223B733A333A22717479223B643A313B733A353A227072696365223B643A31353030303B733A343A226E616D65223B733A33343A224C4F4C494E204B6964732046616369616C2057617368204752415045203130306D6C223B733A353A22726F776964223B733A33323A226138376666363739613266336537316439313831613637623735343231323263223B733A383A22737562746F74616C223B643A31353030303B7D7D);
INSERT INTO `ci_sessions` VALUES ('afa38227acfd879ab3d797fcd801d6387bc4f89f', '::1', '1535442714', 0x5F5F63695F6C6173745F726567656E65726174657C693A313533353434323232343B6C6F6C696E5F75726C6261636B5F66726F6E74656E647C733A343A2263617274223B636170746368615F6C6F67696E7C733A343A2263613253223B6D79636170746368617C733A343A225A507469223B6F726465725F636F64655F6E6F6E5F726573656C6C65727C733A31373A224F4E522D32383038323031382D30303031223B6F726465725F636F64655F726573656C6C65727C733A31373A224F4D522D32383038323031382D30303031223B636172745F636F6E74656E74737C613A343A7B733A31303A22636172745F746F74616C223B643A34353030303B733A31313A22746F74616C5F6974656D73223B643A323B733A33323A223136373930393163356138383066616636666235653630383765623162326463223B613A363A7B733A323A226964223B733A313A2236223B733A333A22717479223B643A313B733A353A227072696365223B643A33303030303B733A343A226E616D65223B733A33353A224C4F4C494E204B696473203320696E2031204F55544552205350414345203235306D6C223B733A353A22726F776964223B733A33323A223136373930393163356138383066616636666235653630383765623162326463223B733A383A22737562746F74616C223B643A33303030303B7D733A33323A226138376666363739613266336537316439313831613637623735343231323263223B613A363A7B733A323A226964223B733A313A2234223B733A333A22717479223B643A313B733A353A227072696365223B643A31353030303B733A343A226E616D65223B733A33343A224C4F4C494E204B6964732046616369616C2057617368204752415045203130306D6C223B733A353A22726F776964223B733A33323A226138376666363739613266336537316439313831613637623735343231323263223B733A383A22737562746F74616C223B643A31353030303B7D7D);
INSERT INTO `ci_sessions` VALUES ('b7cfe3972c050c3d082a66ebea16ef37f4d87c52', '::1', '1535441291', 0x5F5F63695F6C6173745F726567656E65726174657C693A313533353434303930333B6C6F6C696E5F75726C6261636B5F66726F6E74656E647C733A373A227061796D656E74223B636172745F636F6E74656E74737C613A353A7B733A31303A22636172745F746F74616C223B643A35333530303B733A31313A22746F74616C5F6974656D73223B643A333B733A33323A223435633438636365326532643766626465613161666335316337633661643236223B613A363A7B733A323A226964223B733A313A2239223B733A333A22717479223B643A313B733A353A227072696365223B643A393530303B733A343A226E616D65223B733A33323A224C4F4C494E204B69647320426F647920576173682048696A6162203130306D6C223B733A353A22726F776964223B733A33323A223435633438636365326532643766626465613161666335316337633661643236223B733A383A22737562746F74616C223B643A393530303B7D733A33323A226433643934343638303261343432353937353564333865366431363365383230223B613A363A7B733A323A226964223B733A323A223130223B733A333A22717479223B643A313B733A353A227072696365223B643A32303030303B733A343A226E616D65223B733A32363A224C4F4C494E204B69647320466F6F742053707261792036306D6C223B733A353A22726F776964223B733A33323A226433643934343638303261343432353937353564333865366431363365383230223B733A383A22737562746F74616C223B643A32303030303B7D733A33323A226338316537323864396434633266363336663036376638396363313438363263223B613A363A7B733A323A226964223B733A313A2232223B733A333A22717479223B643A313B733A353A227072696365223B643A32343030303B733A343A226E616D65223B733A33343A224C4F4C494E204B69647320426F6479204C6F74696F6E204752415045203230306D6C223B733A353A22726F776964223B733A33323A226338316537323864396434633266363336663036376638396363313438363263223B733A383A22737562746F74616C223B643A32343030303B7D7D636170746368615F6C6F67696E7C733A343A226D486531223B6D79636170746368617C733A343A226A757769223B6E616D615F6C656E676B61705F6F726465727C733A31313A224C65666920436865736E61223B74656C65706F6E5F6F726465727C733A333A22313233223B656D61696C5F6F726465727C733A383A2261614061612E6161223B70726F76696E73697C733A31373A22322C42616E676B612042656C6974756E67223B6B6F74617C733A393A2232372C42616E676B61223B616C616D61747C733A33313A224A6C2E2050726170656E20496E646168204A2D313261205375726162617961223B6B6F64655F706F737C733A343A2234353737223B6B757269727C733A333A22706F73223B6C6179616E616E7C733A34343A2233353530302C50616B6574204B696C6174204B68757375732850616B6574204B696C6174204B687573757329223B737562746F74616C5F6F726465727C733A353A223533353030223B62657261745F6F726465727C733A333A22343835223B6F6E676B69725F6F726465727C733A353A223335353030223B746F74616C5F6F726465727C733A353A223839303030223B);
INSERT INTO `ci_sessions` VALUES ('d95e55e613b80960b76a6022259c88cd88e5e310', '::1', '1535439316', 0x5F5F63695F6C6173745F726567656E65726174657C693A313533353433393031363B6C6F6C696E5F75726C6261636B5F66726F6E74656E647C733A393A22736869705F62696C6C223B636172745F636F6E74656E74737C613A353A7B733A31303A22636172745F746F74616C223B643A35333530303B733A31313A22746F74616C5F6974656D73223B643A333B733A33323A223435633438636365326532643766626465613161666335316337633661643236223B613A363A7B733A323A226964223B733A313A2239223B733A333A22717479223B643A313B733A353A227072696365223B643A393530303B733A343A226E616D65223B733A33323A224C4F4C494E204B69647320426F647920576173682048696A6162203130306D6C223B733A353A22726F776964223B733A33323A223435633438636365326532643766626465613161666335316337633661643236223B733A383A22737562746F74616C223B643A393530303B7D733A33323A226433643934343638303261343432353937353564333865366431363365383230223B613A363A7B733A323A226964223B733A323A223130223B733A333A22717479223B643A313B733A353A227072696365223B643A32303030303B733A343A226E616D65223B733A32363A224C4F4C494E204B69647320466F6F742053707261792036306D6C223B733A353A22726F776964223B733A33323A226433643934343638303261343432353937353564333865366431363365383230223B733A383A22737562746F74616C223B643A32303030303B7D733A33323A226338316537323864396434633266363336663036376638396363313438363263223B613A363A7B733A323A226964223B733A313A2232223B733A333A22717479223B643A313B733A353A227072696365223B643A32343030303B733A343A226E616D65223B733A33343A224C4F4C494E204B69647320426F6479204C6F74696F6E204752415045203230306D6C223B733A353A22726F776964223B733A33323A226338316537323864396434633266363336663036376638396363313438363263223B733A383A22737562746F74616C223B643A32343030303B7D7D636170746368615F6C6F67696E7C733A343A226D486531223B6D79636170746368617C733A343A226A757769223B);
INSERT INTO `ci_sessions` VALUES ('eaa67f2ee46e04004740423f2126789473e830bc', '::1', '1535440313', 0x5F5F63695F6C6173745F726567656E65726174657C693A313533353433393331373B6C6F6C696E5F75726C6261636B5F66726F6E74656E647C733A343A2263617274223B636172745F636F6E74656E74737C613A353A7B733A31303A22636172745F746F74616C223B643A35333530303B733A31313A22746F74616C5F6974656D73223B643A333B733A33323A223435633438636365326532643766626465613161666335316337633661643236223B613A363A7B733A323A226964223B733A313A2239223B733A333A22717479223B643A313B733A353A227072696365223B643A393530303B733A343A226E616D65223B733A33323A224C4F4C494E204B69647320426F647920576173682048696A6162203130306D6C223B733A353A22726F776964223B733A33323A223435633438636365326532643766626465613161666335316337633661643236223B733A383A22737562746F74616C223B643A393530303B7D733A33323A226433643934343638303261343432353937353564333865366431363365383230223B613A363A7B733A323A226964223B733A323A223130223B733A333A22717479223B643A313B733A353A227072696365223B643A32303030303B733A343A226E616D65223B733A32363A224C4F4C494E204B69647320466F6F742053707261792036306D6C223B733A353A22726F776964223B733A33323A226433643934343638303261343432353937353564333865366431363365383230223B733A383A22737562746F74616C223B643A32303030303B7D733A33323A226338316537323864396434633266363336663036376638396363313438363263223B613A363A7B733A323A226964223B733A313A2232223B733A333A22717479223B643A313B733A353A227072696365223B643A32343030303B733A343A226E616D65223B733A33343A224C4F4C494E204B69647320426F6479204C6F74696F6E204752415045203230306D6C223B733A353A22726F776964223B733A33323A226338316537323864396434633266363336663036376638396363313438363263223B733A383A22737562746F74616C223B643A32343030303B7D7D636170746368615F6C6F67696E7C733A343A226D486531223B6D79636170746368617C733A343A226A757769223B);
INSERT INTO `ci_sessions` VALUES ('ebd1664a48d0423adee0b79f852b34b1dea14193', '::1', '1535449519', 0x5F5F63695F6C6173745F726567656E65726174657C693A313533353434393135363B6C6F6C696E5F75726C6261636B5F66726F6E74656E647C733A31373A22636865636B6F75745F636F6D706C657465223B636170746368615F6C6F67696E7C733A343A2272797665223B6D79636170746368617C733A343A22676E527A223B6F726465725F636F64655F6E6F6E5F726573656C6C65727C733A31373A224F4E522D32383038323031382D30303032223B6F726465725F636F64655F726573656C6C65727C733A31373A224F4D522D32383038323031382D30303031223B656D61696C7C733A32333A226C6566692E616E64726940636865736E612E636F2E6964223B69647C733A333A22313135223B757365725F69647C733A333A22313135223B67726F75705F69647C733A313A2233223B67726F75707C733A31363A22726573656C6C65725F70726962616469223B6C6F6C696E5F75726C6261636B5F6261636B656E647C733A34323A226D656D6265722F74656D705F6F726465722F64657461696C2F4F4D522D32383038323031382D30303031223B);
INSERT INTO `ci_sessions` VALUES ('f7c718d733ad940a8d277b7eae83d000d40c1f42', '::1', '1535443975', 0x5F5F63695F6C6173745F726567656E65726174657C693A313533353434333035383B6C6F6C696E5F75726C6261636B5F66726F6E74656E647C733A343A2263617274223B636170746368615F6C6F67696E7C733A343A2266587648223B6D79636170746368617C733A343A22716C3546223B6F726465725F636F64655F6E6F6E5F726573656C6C65727C733A31373A224F4E522D32383038323031382D30303031223B6F726465725F636F64655F726573656C6C65727C733A31373A224F4D522D32383038323031382D30303031223B636172745F636F6E74656E74737C613A343A7B733A31303A22636172745F746F74616C223B643A34353030303B733A31313A22746F74616C5F6974656D73223B643A323B733A33323A223136373930393163356138383066616636666235653630383765623162326463223B613A363A7B733A323A226964223B733A313A2236223B733A333A22717479223B643A313B733A353A227072696365223B643A33303030303B733A343A226E616D65223B733A33353A224C4F4C494E204B696473203320696E2031204F55544552205350414345203235306D6C223B733A353A22726F776964223B733A33323A223136373930393163356138383066616636666235653630383765623162326463223B733A383A22737562746F74616C223B643A33303030303B7D733A33323A226138376666363739613266336537316439313831613637623735343231323263223B613A363A7B733A323A226964223B733A313A2234223B733A333A22717479223B643A313B733A353A227072696365223B643A31353030303B733A343A226E616D65223B733A33343A224C4F4C494E204B6964732046616369616C2057617368204752415045203130306D6C223B733A353A22726F776964223B733A33323A226138376666363739613266336537316439313831613637623735343231323263223B733A383A22737562746F74616C223B643A31353030303B7D7D);

-- ----------------------------
-- Table structure for contact_me
-- ----------------------------
DROP TABLE IF EXISTS `contact_me`;
CREATE TABLE `contact_me` (
  `conId` int(11) NOT NULL AUTO_INCREMENT,
  `conNama` varchar(255) NOT NULL,
  `conEmail` varchar(255) NOT NULL,
  `conTelp` varchar(255) NOT NULL,
  `conAddress` varchar(255) NOT NULL,
  `conMessage` text NOT NULL,
  `conTime` datetime NOT NULL,
  `conStatus` varchar(10) NOT NULL,
  PRIMARY KEY (`conId`)
) ENGINE=InnoDB AUTO_INCREMENT=11 DEFAULT CHARSET=utf8;

-- ----------------------------
-- Records of contact_me
-- ----------------------------
INSERT INTO `contact_me` VALUES ('8', 'Tes', 'lefi.andri@kokek.com', '123', 'Tes Tes Tes', 'Tes TesTes Tes Tes Tes Tes', '2018-07-03 10:17:42', 'tidak');
INSERT INTO `contact_me` VALUES ('9', 'dssdf', 'lesd@dsdf.cdcd', '213123', 'sdfsdf', 'sdfdsfsdfsdfsdfsd sdfdfsdf', '2018-08-17 03:45:37', 'tidak');
INSERT INTO `contact_me` VALUES ('10', 'dssdf', 'lesd@dsdf.cdcd', '213123', 'sdfsdf', 'sdfdsfsdfsdfsdfsd sdfdfsdf', '2018-08-17 03:47:09', 'tidak');

-- ----------------------------
-- Table structure for content
-- ----------------------------
DROP TABLE IF EXISTS `content`;
CREATE TABLE `content` (
  `contentId` int(10) unsigned NOT NULL AUTO_INCREMENT,
  `contentTitle` varchar(255) NOT NULL,
  `contentPermalink` varchar(255) NOT NULL,
  `contentDesc` mediumtext DEFAULT NULL,
  `contentDescSeo` varchar(255) DEFAULT NULL,
  `contentKeywordSeo` varchar(255) DEFAULT NULL,
  `contentStatus` enum('default','added') NOT NULL,
  `contentDisplay` char(1) DEFAULT 'y',
  `contentSitemap` char(1) DEFAULT 'n',
  PRIMARY KEY (`contentId`),
  KEY `contentPermalink` (`contentPermalink`)
) ENGINE=InnoDB AUTO_INCREMENT=23 DEFAULT CHARSET=utf8;

-- ----------------------------
-- Records of content
-- ----------------------------
INSERT INTO `content` VALUES ('1', 'Lolin Kids Care', 'lolin-kids-care', '<p>-</p>', 'Lolin merupakan produk perawatan khusus anak dengan varian Shampoo, Conditioner, Facial Wash, dan Body Lotion.', 'lolin, lolin world, perawatan anak sejak dini, perawatan anak, produk anak, shampoo anak, conditioner anak, facial wash anak, body lotion anak', 'added', 'y', 'y');
INSERT INTO `content` VALUES ('2', 'Profil', 'profil', '<p>Lolin Kids Care Products berada dalam naungan PT LOLIN BERJAYA MULIA. Perusahaan ini hadir karena adanya rasa kepedulian terhadap anak-anak, dengan menghasilkan produk-produk yang dikhususkan untuk anak. PT LOLIN BERJAYA MULIA memiliki komitmen yang tinggi untuk memberikan jaminan kualitas dan keamanan produk sehingga para konsumen, khususnya anak-anak dapat memperoleh hasil yang maksimal. Produk perawatan khusus anak sangat diperlukan, karena minimnya produk-produk anak berkualitas di pasaran dan perlunya anak-anak mendapat perawatan rambut, wajah dan badan secara baik.</p>\r\n\r\n<p>Problem sehari-hari yang timbul seperti kusutnya rambut anak, aroma kurang sedap pada rambut anak, munculnya permasalahan di kulit wajah dan badan dapat diminimalisir dengan melakukan perawatan terhadap anak menggunakan Lolin Kids Care Products.</p>', 'Lolin merupakan produk perawatan khusus anak dengan varian Shampoo, Conditioner, Facial Wash, dan Body Lotion.', 'lolin, lolin world, perawatan anak sejak dini, perawatan anak, produk anak, shampoo anak, conditioner anak, facial wash anak, body lotion anak', 'default', 'y', 'y');
INSERT INTO `content` VALUES ('3', 'Produk', 'product', '<p>&nbsp;</p>\r\n\r\n<p>PT. Kokek mengkhususkan diri pada beberapa layanan diantaranyah:</p>\r\n\r\n<p>&nbsp;</p>\r\n', 'Lolin merupakan produk perawatan khusus anak dengan varian Shampoo, Conditioner, Facial Wash, dan Body Lotion.', 'lolin, lolin world, perawatan anak sejak dini, perawatan anak, produk anak, shampoo anak, conditioner anak, facial wash anak, body lotion anak', 'default', 'y', '');
INSERT INTO `content` VALUES ('4', 'Member', 'member', '<span>Daftar kegiatan yang telah dan akan kami laksanakan.</span>', 'Lolin merupakan produk perawatan khusus anak dengan varian Shampoo, Conditioner, Facial Wash, dan Body Lotion.', 'lolin, lolin world, perawatan anak sejak dini, perawatan anak, produk anak, shampoo anak, conditioner anak, facial wash anak, body lotion anak', 'default', 'y', 'n');
INSERT INTO `content` VALUES ('5', 'Event', 'event', '<p><img alt=\"\" src=\"http://localhost/beesafecig/assets/images/imgbank/jobs.jpg\" style=\"height:404px; width:269px\" /></p>\r\n', 'Lolin merupakan produk perawatan khusus anak dengan varian Shampoo, Conditioner, Facial Wash, dan Body Lotion.', 'lolin, lolin world, perawatan anak sejak dini, perawatan anak, produk anak, shampoo anak, conditioner anak, facial wash anak, body lotion anak', 'default', 'y', 'n');
INSERT INTO `content` VALUES ('6', 'Testimoni', 'testimoni', 'Silahkan hubungi kami di:', 'Lolin merupakan produk perawatan khusus anak dengan varian Shampoo, Conditioner, Facial Wash, dan Body Lotion.', 'lolin, lolin world, perawatan anak sejak dini, perawatan anak, produk anak, shampoo anak, conditioner anak, facial wash anak, body lotion anak', 'default', 'y', 'n');
INSERT INTO `content` VALUES ('7', 'Faq', 'faq', '<p><strong>Frequently Asked Questions</strong></p>', 'Lolin merupakan produk perawatan khusus anak dengan varian Shampoo, Conditioner, Facial Wash, dan Body Lotion.', 'lolin, lolin world, perawatan anak sejak dini, perawatan anak, produk anak, shampoo anak, conditioner anak, facial wash anak, body lotion anak', 'default', 'y', 'y');
INSERT INTO `content` VALUES ('8', 'Kontak kami', 'contact', '            <span>Duis aute irure dolor in reprehenderit in voluptate velit esse cillum dolore eu fugiat nulla pariatur. Lorem ipsum dolor.</span>        ', 'Lolin merupakan produk perawatan khusus anak dengan varian Shampoo, Conditioner, Facial Wash, dan Body Lotion.', 'lolin, lolin world, perawatan anak sejak dini, perawatan anak, produk anak, shampoo anak, conditioner anak, facial wash anak, body lotion anak', 'default', 'y', 'n');
INSERT INTO `content` VALUES ('9', 'Pesan Sekarang', 'pesan-sekarang', '<p>Konsultan kami membantu perusahaan anda dalam melakukan analisa dan audit atas keseluruhan proses Internal perusahaan.</p>', 'Lolin merupakan produk perawatan khusus anak dengan varian Shampoo, Conditioner, Facial Wash, dan Body Lotion.', 'lolin, lolin world, perawatan anak sejak dini, perawatan anak, produk anak, shampoo anak, conditioner anak, facial wash anak, body lotion anak', 'default', 'y', 'n');
INSERT INTO `content` VALUES ('10', 'Artikel', 'article', 'Dewasa ini menjadi inovatif sejak tidak cukup, anda juga harus mampu menyediakan produk dan layanan yang sesuai standar Internasional.', 'Lolin merupakan produk perawatan khusus anak dengan varian Shampoo, Conditioner, Facial Wash, dan Body Lotion.', 'lolin, lolin world, perawatan anak sejak dini, perawatan anak, produk anak, shampoo anak, conditioner anak, facial wash anak, body lotion anak', 'default', 'y', '');
INSERT INTO `content` VALUES ('11', 'Welcome', 'welcome', 'Lolin perawatan anak sejak dini', 'Lolin perawatan anak sejak dini', 'Lolin perawatan anak sejak dini', 'default', 'y', 'n');
INSERT INTO `content` VALUES ('12', 'Client', 'client', '<p>Berikut adalah daftar client Beesafe Indonesia :</p>\r\n', '', '', 'default', 'y', 'n');
INSERT INTO `content` VALUES ('13', 'Testimonials', 'testimonials', 'Pendapat client mengenai layanan kami.', '', '', 'default', 'y', 'y');
INSERT INTO `content` VALUES ('14', 'Download', 'download', 'Silahkan pilih file yang ingin anda download dengan klik pada checkbox disamping file tersebut.<br />Anda dapat mendownload lebih dari 1 file/dokumen. <strong>Semoga bermanfaat!</strong>', '', '', 'default', 'y', 'y');
INSERT INTO `content` VALUES ('15', 'Download: Register to Download', 'download-register-to-download', '<strong>Kami akan mengirimkan link download langsung ke email anda.</strong><br />Silahkan isi form dibawah.', '', '', 'default', 'y', 'n');
INSERT INTO `content` VALUES ('16', 'Download: Download', 'download-download', '<strong>Link Download Telah Kami Kirimkan ke Email Anda.</strong><br />Silahkan cek inbox atau folder junk email anda.<br />Terima kasih.', '', '', 'default', 'y', 'n');
INSERT INTO `content` VALUES ('17', 'Event: Register to an Event', 'event-register-to-an-event', 'Silahkan lengkapi formulir dibawah ini untuk mendaftar sebagai peserta event PT. KOKEK.', '', '', 'default', 'y', 'n');
INSERT INTO `content` VALUES ('18', 'Event: Register Success', 'event-register-success', '<strong>Pendaftaran Anda untuk Mengikuti Event Kami telah Diterima.</strong><br />Kami akan menghubungi anda.', '', '', 'default', 'y', 'n');
INSERT INTO `content` VALUES ('19', 'Home: Intro', 'home-intro', '<h1 style=\"text-align: center;\">PT. KOKEK. Layanan&nbsp;<strong>Konsultansi</strong>&nbsp;&amp;&nbsp;<strong>Pelatihan</strong>&nbsp;Terpercaya.</h1>\n<p style=\"text-align: center;\">Menyediakan berbagai layanan konsultansi dan pelatihan untuk berbagai institusi mulai dari Perusahaan Swasta, BUMN hingga Pemerintah Daerah</p>', '', '', 'default', 'y', '');
INSERT INTO `content` VALUES ('20', 'Newsletter: Registration Success', 'newsletter-registration-success', '<strong>Pendaftaran Newsletter Berhasil.</strong><br /><span>Ikuti suguhan infoterupdate kami melalui email Anda.</span>', '', '', 'default', 'y', 'n');
INSERT INTO `content` VALUES ('21', 'Newsletter: Unsubscribe Success', 'newsletter-s', null, null, null, 'default', 'y', 'n');
INSERT INTO `content` VALUES ('22', 'Newsletter: Unscubscribe Failed', 'sid', null, null, null, 'default', 'y', 'n');

-- ----------------------------
-- Table structure for diskon_harga
-- ----------------------------
DROP TABLE IF EXISTS `diskon_harga`;
CREATE TABLE `diskon_harga` (
  `diskon_id` int(11) NOT NULL AUTO_INCREMENT,
  `produk_id` int(11) DEFAULT NULL,
  `diskon_urutan` int(11) DEFAULT NULL,
  `jumlah_unit` int(11) DEFAULT NULL,
  `berat` int(11) DEFAULT NULL,
  `harga_jumlah_unit` int(11) DEFAULT NULL,
  PRIMARY KEY (`diskon_id`),
  KEY `diskon_harga_ibfk_1` (`produk_id`),
  CONSTRAINT `diskon_harga_ibfk_1` FOREIGN KEY (`produk_id`) REFERENCES `product` (`prodsId`) ON UPDATE CASCADE
) ENGINE=InnoDB AUTO_INCREMENT=265 DEFAULT CHARSET=utf8;

-- ----------------------------
-- Records of diskon_harga
-- ----------------------------
INSERT INTO `diskon_harga` VALUES ('199', '1', '1', '6', '2', '21000');
INSERT INTO `diskon_harga` VALUES ('200', '1', '2', '12', '3', '20000');
INSERT INTO `diskon_harga` VALUES ('201', '1', '3', '36', '9', '18000');
INSERT INTO `diskon_harga` VALUES ('202', '1', '4', '72', '18', '17000');
INSERT INTO `diskon_harga` VALUES ('203', '1', '5', '0', '0', '0');
INSERT INTO `diskon_harga` VALUES ('204', '1', '6', '0', '0', '0');
INSERT INTO `diskon_harga` VALUES ('205', '2', '1', '6', '2', '21000');
INSERT INTO `diskon_harga` VALUES ('206', '2', '2', '12', '3', '20000');
INSERT INTO `diskon_harga` VALUES ('207', '2', '3', '36', '9', '18000');
INSERT INTO `diskon_harga` VALUES ('208', '2', '4', '72', '18', '17000');
INSERT INTO `diskon_harga` VALUES ('209', '2', '5', '0', '0', '0');
INSERT INTO `diskon_harga` VALUES ('210', '2', '6', '0', '0', '0');
INSERT INTO `diskon_harga` VALUES ('211', '3', '1', '6', '2', '21000');
INSERT INTO `diskon_harga` VALUES ('212', '3', '2', '12', '3', '20000');
INSERT INTO `diskon_harga` VALUES ('213', '3', '3', '36', '9', '18000');
INSERT INTO `diskon_harga` VALUES ('214', '3', '4', '72', '18', '17000');
INSERT INTO `diskon_harga` VALUES ('215', '3', '5', '0', '0', '0');
INSERT INTO `diskon_harga` VALUES ('216', '3', '6', '0', '0', '0');
INSERT INTO `diskon_harga` VALUES ('217', '4', '1', '6', '1', '13000');
INSERT INTO `diskon_harga` VALUES ('218', '4', '2', '12', '2', '12500');
INSERT INTO `diskon_harga` VALUES ('219', '4', '3', '36', '5', '11250');
INSERT INTO `diskon_harga` VALUES ('220', '4', '4', '72', '11', '11000');
INSERT INTO `diskon_harga` VALUES ('221', '4', '5', '0', '0', '0');
INSERT INTO `diskon_harga` VALUES ('222', '4', '6', '0', '0', '0');
INSERT INTO `diskon_harga` VALUES ('223', '5', '1', '6', '2', '21000');
INSERT INTO `diskon_harga` VALUES ('224', '5', '2', '12', '3', '20000');
INSERT INTO `diskon_harga` VALUES ('225', '5', '3', '36', '9', '18000');
INSERT INTO `diskon_harga` VALUES ('226', '5', '4', '72', '18', '17000');
INSERT INTO `diskon_harga` VALUES ('227', '5', '5', '0', '0', '0');
INSERT INTO `diskon_harga` VALUES ('228', '5', '6', '0', '0', '0');
INSERT INTO `diskon_harga` VALUES ('229', '6', '1', '6', '2', '27000');
INSERT INTO `diskon_harga` VALUES ('230', '6', '2', '12', '4', '26000');
INSERT INTO `diskon_harga` VALUES ('231', '6', '3', '36', '11', '24000');
INSERT INTO `diskon_harga` VALUES ('232', '6', '4', '72', '22', '23000');
INSERT INTO `diskon_harga` VALUES ('233', '6', '5', '0', '0', '0');
INSERT INTO `diskon_harga` VALUES ('234', '6', '6', '0', '0', '0');
INSERT INTO `diskon_harga` VALUES ('235', '7', '1', '6', '1', '17000');
INSERT INTO `diskon_harga` VALUES ('236', '7', '2', '12', '2', '16000');
INSERT INTO `diskon_harga` VALUES ('237', '7', '3', '36', '5', '14000');
INSERT INTO `diskon_harga` VALUES ('238', '7', '4', '72', '11', '13000');
INSERT INTO `diskon_harga` VALUES ('239', '7', '5', '0', '0', '0');
INSERT INTO `diskon_harga` VALUES ('240', '7', '6', '0', '0', '0');
INSERT INTO `diskon_harga` VALUES ('241', '8', '1', '12', '2', '9500');
INSERT INTO `diskon_harga` VALUES ('242', '8', '2', '36', '5', '9000');
INSERT INTO `diskon_harga` VALUES ('243', '8', '3', '72', '11', '8500');
INSERT INTO `diskon_harga` VALUES ('244', '8', '4', '0', '0', '0');
INSERT INTO `diskon_harga` VALUES ('245', '8', '5', '0', '0', '0');
INSERT INTO `diskon_harga` VALUES ('246', '8', '6', '0', '0', '0');
INSERT INTO `diskon_harga` VALUES ('247', '9', '1', '12', '2', '9500');
INSERT INTO `diskon_harga` VALUES ('248', '9', '2', '36', '5', '9000');
INSERT INTO `diskon_harga` VALUES ('249', '9', '3', '72', '11', '8500');
INSERT INTO `diskon_harga` VALUES ('250', '9', '4', '0', '0', '0');
INSERT INTO `diskon_harga` VALUES ('251', '9', '5', '0', '0', '0');
INSERT INTO `diskon_harga` VALUES ('252', '9', '6', '0', '0', '0');
INSERT INTO `diskon_harga` VALUES ('253', '10', '1', '6', '1', '17000');
INSERT INTO `diskon_harga` VALUES ('254', '10', '2', '12', '1', '16000');
INSERT INTO `diskon_harga` VALUES ('255', '10', '3', '36', '3', '14000');
INSERT INTO `diskon_harga` VALUES ('256', '10', '4', '72', '7', '13000');
INSERT INTO `diskon_harga` VALUES ('257', '10', '5', '0', '0', '0');
INSERT INTO `diskon_harga` VALUES ('258', '10', '6', '0', '0', '0');

-- ----------------------------
-- Table structure for events
-- ----------------------------
DROP TABLE IF EXISTS `events`;
CREATE TABLE `events` (
  `eventsId` int(11) NOT NULL AUTO_INCREMENT,
  `eventsName` varchar(255) NOT NULL,
  `eventsDesc` text NOT NULL,
  `eventsSlug` varchar(255) NOT NULL,
  `eventsDate` date NOT NULL,
  `eventsVenue` varchar(255) NOT NULL,
  `eventsPic` varchar(255) NOT NULL,
  `eventsSort` int(11) NOT NULL,
  `eventsShow` varchar(10) NOT NULL,
  PRIMARY KEY (`eventsId`)
) ENGINE=InnoDB AUTO_INCREMENT=8 DEFAULT CHARSET=utf8;

-- ----------------------------
-- Records of events
-- ----------------------------
INSERT INTO `events` VALUES ('4', 'Kids Party Time', '<p>Descriptions</p>', 'kids-party-time', '2018-05-18', 'prapen indah', 'LOLINamp039s_EVENT_-_Kids_Party_Time_1528275085.jpg', '1', 'y');
INSERT INTO `events` VALUES ('5', 'The Chipmunks Live Show', 'Description', 'the-chipmunks-live-show', '2018-05-18', 'prapen indah', 'LOLINamp039s_EVENT_-_Alvin_ampamp_The_Chipmunks_Live_Show_1528275103.jpg', '2', 'y');
INSERT INTO `events` VALUES ('6', 'Joyful of Christmas', 'Description', 'joyful-of-christmas', '2018-05-18', 'prapen indah', 'LOLINamp039s_EVENT_-_Joyful_of_Christmas_1528275111.jpg', '3', 'y');
INSERT INTO `events` VALUES ('7', 'Kreatifitas Daur Ulang Anak', 'Description', 'kreatifitas-daur-ulang-anak', '2018-05-18', 'prapen indah', 'LOLINamp039s_EVENT_-_Kreatifitas_Daur_Ulang_Anak_1528275121.jpg', '4', 'y');

-- ----------------------------
-- Table structure for eventspic
-- ----------------------------
DROP TABLE IF EXISTS `eventspic`;
CREATE TABLE `eventspic` (
  `eventsPicId` int(11) NOT NULL AUTO_INCREMENT,
  `eventsId` int(11) NOT NULL,
  `eventsPicName` varchar(255) NOT NULL,
  `eventsPicImage` varchar(255) NOT NULL,
  `eventsPicSort` int(11) NOT NULL,
  `eventsPicShow` varchar(10) NOT NULL,
  `token` varchar(50) NOT NULL,
  PRIMARY KEY (`eventsPicId`),
  KEY `fk_eventsid_01` (`eventsId`),
  CONSTRAINT `fk_eventsid_01` FOREIGN KEY (`eventsId`) REFERENCES `events` (`eventsId`)
) ENGINE=InnoDB AUTO_INCREMENT=29 DEFAULT CHARSET=utf8;

-- ----------------------------
-- Records of eventspic
-- ----------------------------
INSERT INTO `eventspic` VALUES ('10', '4', 'kids party time 1', '1528275562_11224676_434246300102004_3738694627395647822_n.jpg', '1', '1', '');
INSERT INTO `eventspic` VALUES ('11', '4', 'kids party time 2', '1528275563_12373357_434246443435323_5967173045602058464_n.jpg', '2', '1', '');
INSERT INTO `eventspic` VALUES ('12', '4', 'kids party time 3', '1528275563_12390893_434246350101999_7413911151979064796_n.jpg', '3', '1', '');
INSERT INTO `eventspic` VALUES ('13', '4', 'kids party time 4', '1528275564_12390937_434246496768651_644996481426434344_n.jpg', '4', '1', '');
INSERT INTO `eventspic` VALUES ('14', '5', 'alvin 1', '1528275672_544134_436233656569935_2180502912128612685_n.jpg', '1', '1', '');
INSERT INTO `eventspic` VALUES ('15', '5', 'alvin 2', '1528275672_10372046_436233586569942_5295169881725949941_n.jpg', '2', '1', '');
INSERT INTO `eventspic` VALUES ('16', '5', 'alvin 3', '1528275673_12321171_436233549903279_3854841790009032142_n.jpg', '3', '1', '');
INSERT INTO `eventspic` VALUES ('17', '5', 'alvin 4', '1528275673_12391986_436233639903270_3822718042345079846_n.jpg', '4', '1', '');
INSERT INTO `eventspic` VALUES ('18', '6', 'joyfull christmass 1', '1528275749_6205_440348189491815_8355733108587938922_n.jpg', '1', '1', '');
INSERT INTO `eventspic` VALUES ('19', '6', 'joyfull christmass 2', '1528275750_934030_440347966158504_7891576000904794222_n.jpg', '2', '1', '');
INSERT INTO `eventspic` VALUES ('20', '6', 'joyfull christmass 3', '1528275750_1909811_440348119491822_8947824633299106548_n.jpg', '3', '1', '');
INSERT INTO `eventspic` VALUES ('21', '6', 'joyfull christmass 4', '1528275751_10646650_440348172825150_1794124089738819607_n.jpg', '4', '1', '');
INSERT INTO `eventspic` VALUES ('22', '7', 'kreativitas daur ulang 1', '1528275837_12295430_432567370269897_5235617357083324478_n.jpg', '1', '1', '');
INSERT INTO `eventspic` VALUES ('23', '7', 'kreativitas daur ulang 2', '1528275838_12308235_432567210269913_6362039752048270518_n.jpg', '2', '1', '');
INSERT INTO `eventspic` VALUES ('24', '7', 'kreativitas daur ulang 3', '1528275838_12316303_432567246936576_2741364290676623555_n.jpg', '3', '1', '');
INSERT INTO `eventspic` VALUES ('25', '7', 'kreativitas daur ulang 4', '1528275839_12348174_432567333603234_3848158059024137725_n.jpg', '4', '1', '');
INSERT INTO `eventspic` VALUES ('26', '7', 'kreativitas daur ulang 5', '1528275839_12359934_432567276936573_969041356299256037_n.jpg', '5', '1', '');

-- ----------------------------
-- Table structure for faq
-- ----------------------------
DROP TABLE IF EXISTS `faq`;
CREATE TABLE `faq` (
  `id` int(10) unsigned NOT NULL AUTO_INCREMENT,
  `pertanyaan` text DEFAULT NULL,
  `jawaban` text DEFAULT NULL,
  `label` varchar(255) DEFAULT NULL,
  `slug` varchar(255) DEFAULT NULL,
  `perbolehkan_tampil` int(11) DEFAULT NULL,
  `urutan` int(11) DEFAULT NULL,
  PRIMARY KEY (`id`)
) ENGINE=InnoDB AUTO_INCREMENT=8 DEFAULT CHARSET=utf8;

-- ----------------------------
-- Records of faq
-- ----------------------------
INSERT INTO `faq` VALUES ('1', '<p>Apa itu Lolin ?</p>', '<p>Lolin adalah sebuah produk untuk merawat sejak dini anak yang di dalamnya terkandung bahan-bahan yang aman dan baik bagi kesehatan tubuh anak-anak. Lolin adalah sebuah produk untuk merawat anak sejak dini yang di dalamnya terkandung bahan-bahan yang aman dan baik bagi kesehatan tubuh anak.</p>', 'Apa itu Lolin', 'apa-itu-lolin', '1', '1');
INSERT INTO `faq` VALUES ('2', '<p>Apa saja produk Lolin ?</p>', '<ul>\r\n <li>Shampoo Grape 200 ml</li>\r\n <li>Conditioner Grape 200 ml</li>\r\n <li>Body Lotion Grape 200 ml</li>\r\n <li>Facial Wash Grape 100 ml</li>\r\n <li>Body Wash Grape 200 ml</li>\r\n <li>3 in 1 Outerspace 250 ml</li>\r\n <li>3 in 1 Outerspace 100 ml</li>\r\n <li>Foot Spray 60 ml</li>\r\n <li>Shampoo Hijab 100 ml</li>\r\n <li>Body Wash Hijab 100 ml</li>\r\n</ul>', 'Apa saja produk Lolin', 'apa-saja-produk-lolin', '1', '2');
INSERT INTO `faq` VALUES ('3', '<p>Apakah produk Lolin bisa digunakan usia 5 tahun ?</p>', '<p>Bisa karena produk Lolin diformulasikan khusus untuk anak usia 3-12 tahun.</p>', 'Apakah produk Lolin bisa digunakan usia 5 tahun', 'apakah-produk-lolin-bisa-digunakan-usia-5-tahun', '1', '3');
INSERT INTO `faq` VALUES ('4', '<p>Apa kelebihan produk Lolin dibandingkan produk lainnya ?</p>', '<p>Semua produk Lolin bebas dari Paraben. Low Hazard menjadi salah satu kelebihan produk Lolin, dimana bahan baku yang digunakan untuk produk-produk Lolin yang aman dan tidak berbahaya. Seluruh produk Lolin memenuhi standar GMP berarti Good Manufacturin dan aroma khas anggur dari Prancis.</p>', 'Apa kelebihan produk Lolin dibandingkan produk lainnya', 'apa-kelebihan-produk-lolin-dibandingkan-produk-lainnya', '1', '4');
INSERT INTO `faq` VALUES ('5', '<p>Apa itu Paraben ?</p>', '<p>Paraben merupakan zat anti bakteri yang biasanya digunakan pada makanan dan kosmetik. Paraben berfungsi untuk memperpanjang masa simpan produk. Penggunaan paraben pada produk-produk komersial sudah berlangsung sejak lama, akan tetapi, beberapa studi 5 tahun kebelakang melihat adanya kaitan antara kanker dengan paraben. Para ilmuwan masih tidak bisa menentukan dengan pasti bagaimana keterkaitan antara keduanya, tetapi beberapa penelitian menyatakan bahwa paraben dapat memicu kanker. Karena ketidaktahuan kita ini, sebaiknya kita berjaga-jaga dengan mulai menggunakan produk yang bebas paraben. Rangkaian produk perawatan Lolin tidak menggunakan paraben sehingga aman untuk anak anda.</p>', 'Apa itu Paraben', 'apa-itu-paraben', '1', '5');
INSERT INTO `faq` VALUES ('6', '<p>Bagaimana cara bergabung menjadi Reseller ?</p>', '<p>Buka website <a href=\"http://www.lolin.co.id\">www.lolin.co.id</a> pilih menu <strong>Reseller</strong> lalu daftar dan isi data sesuai KTP jika sudah berhasil anda bisa login menggunakan daftar yang sudah digunakan sebelumnya</p>', 'Bagaimana cara bergabung menjadi Reseller', 'bagaimana-cara-bergabung-menjadi-reseller', '1', '6');
INSERT INTO `faq` VALUES ('7', '<p>Apakah ada harga khusus untuk Reseller ?</p>', '<p>Ada. Semakin banyak pengambilan produk harga semakin murah dan lebih hemat.</p>\r\n\r\n<p>Untuk mengetahui harga reseller anda melakukan login terlebih dahulu melalui website Lolin Kids Care Product.</p>\r\n\r\n<p>Atau bisa menghubingi WA 085604848140</p>', 'Apakah ada harga khusus untuk Reseller', 'apakah-ada-harga-khusus-untuk-reseller', '1', '7');

-- ----------------------------
-- Table structure for flyer
-- ----------------------------
DROP TABLE IF EXISTS `flyer`;
CREATE TABLE `flyer` (
  `id` int(10) unsigned NOT NULL AUTO_INCREMENT,
  `caption` varchar(255) DEFAULT NULL,
  `deskripsi` varchar(255) DEFAULT NULL,
  `nama_file` varchar(255) DEFAULT NULL,
  `link` text DEFAULT NULL,
  `class_active` int(11) DEFAULT NULL,
  `perbolehkan_tampil` int(11) DEFAULT NULL,
  `clicked` int(11) DEFAULT NULL,
  `urutan` int(11) DEFAULT NULL,
  `tanggal` datetime DEFAULT NULL,
  `admin_id` int(11) DEFAULT NULL,
  PRIMARY KEY (`id`)
) ENGINE=InnoDB AUTO_INCREMENT=3 DEFAULT CHARSET=utf8;

-- ----------------------------
-- Records of flyer
-- ----------------------------
INSERT INTO `flyer` VALUES ('1', 'Reseller Pribadi', '', 'reseller_pribadi_1532931096.jpg', '', '1', '1', null, '1', '2018-06-25 08:38:47', '16');
INSERT INTO `flyer` VALUES ('2', 'Reseller Organisasi', '', 'reseller_organisasi_1532931106.jpg', '', '0', '1', null, '2', '2018-06-28 07:41:37', '16');

-- ----------------------------
-- Table structure for gambar_judul_blog
-- ----------------------------
DROP TABLE IF EXISTS `gambar_judul_blog`;
CREATE TABLE `gambar_judul_blog` (
  `blog_id` int(10) unsigned NOT NULL,
  `nama_gambar_judul` varchar(255) DEFAULT NULL,
  `caption_gambar_judul` varchar(255) DEFAULT NULL,
  KEY `gambar_judul_blog_ibfk_1` (`blog_id`),
  CONSTRAINT `gambar_judul_blog_ibfk_1` FOREIGN KEY (`blog_id`) REFERENCES `blog` (`id`) ON UPDATE CASCADE
) ENGINE=InnoDB DEFAULT CHARSET=utf8;

-- ----------------------------
-- Records of gambar_judul_blog
-- ----------------------------
INSERT INTO `gambar_judul_blog` VALUES ('30', 'alergi_pada_anak_1530357769.jpg', 'Alergi Pada Anak');
INSERT INTO `gambar_judul_blog` VALUES ('31', 'bagian_tubuh_anak_rentan_terkena_kuman_1530358151.jpg', 'Bagian Tubuh Anak Rentan Terkena Kuman');
INSERT INTO `gambar_judul_blog` VALUES ('32', 'bahan-bahan_kimia_di_produk_perawatan_1530358255.jpg', 'Bahan-Bahan Kimia di Produk Perawatan');
INSERT INTO `gambar_judul_blog` VALUES ('33', 'eczema_pada_anak-anak_1530358687.jpg', 'Eczema Pada Anak-Anak');
INSERT INTO `gambar_judul_blog` VALUES ('34', 'kelembaban_tubuh_anak_1530358781.jpg', 'Kelembaban Tubuh Anak');
INSERT INTO `gambar_judul_blog` VALUES ('35', 'mengobati_gigitan_serangga_1530359154.jpg', 'Mengobati Gigitan Serangga');
INSERT INTO `gambar_judul_blog` VALUES ('36', 'mengurai_rambut_kusut_anak_perempuan_1530359273.jpg', 'Mengurai Rambut Kusut Anak Perempuan');
INSERT INTO `gambar_judul_blog` VALUES ('37', 'merawat_kulit_anak-anak_1530359432.jpg', 'Merawat Kulit Anak-anak');
INSERT INTO `gambar_judul_blog` VALUES ('38', 'merawat_sejak_dini_1530359497.jpg', 'Merawat Sejak Dini');
INSERT INTO `gambar_judul_blog` VALUES ('39', 'sampo_dan_kondisioner_yang_tepat_1530359569.jpg', 'Sampo dan Kondisioner yang Tepat');

-- ----------------------------
-- Table structure for gambar_posting_blog
-- ----------------------------
DROP TABLE IF EXISTS `gambar_posting_blog`;
CREATE TABLE `gambar_posting_blog` (
  `blog_id` int(10) unsigned NOT NULL,
  `nama_gambar_posting` varchar(255) DEFAULT NULL,
  `caption_gambar_posting` varchar(255) DEFAULT NULL,
  `halaman_gambar_posting` varchar(255) DEFAULT NULL,
  KEY `gambar_posting_blog_ibfk_1` (`blog_id`),
  CONSTRAINT `gambar_posting_blog_ibfk_1` FOREIGN KEY (`blog_id`) REFERENCES `blog` (`id`) ON UPDATE CASCADE
) ENGINE=InnoDB DEFAULT CHARSET=utf8;

-- ----------------------------
-- Records of gambar_posting_blog
-- ----------------------------
INSERT INTO `gambar_posting_blog` VALUES ('30', 'alergi_pada_anak_1530357769.jpg', 'Alergi Pada Anak', null);
INSERT INTO `gambar_posting_blog` VALUES ('31', 'bagian_tubuh_anak_rentan_terkena_kuman_1530358151.jpg', 'Bagian Tubuh Anak Rentan Terkena Kuman', null);
INSERT INTO `gambar_posting_blog` VALUES ('32', 'bahan-bahan_kimia_di_produk_perawatan_1530358255.jpg', 'Bahan-Bahan Kimia di Produk Perawatan', null);
INSERT INTO `gambar_posting_blog` VALUES ('33', 'eczema_pada_anak-anak_1530358687.jpg', 'Eczema Pada Anak-Anak', null);
INSERT INTO `gambar_posting_blog` VALUES ('34', 'kelembaban_tubuh_anak_1530358781.jpg', 'Kelembaban Tubuh Anak', null);
INSERT INTO `gambar_posting_blog` VALUES ('35', 'mengobati_gigitan_serangga_1530359154.jpg', 'Mengobati Gigitan Serangga', null);
INSERT INTO `gambar_posting_blog` VALUES ('36', 'mengurai_rambut_kusut_anak_perempuan_1530359273.jpg', 'Mengurai Rambut Kusut Anak Perempuan', null);
INSERT INTO `gambar_posting_blog` VALUES ('37', 'merawat_kulit_anak-anak_1530359432.jpg', 'Merawat Kulit Anak-anak', null);
INSERT INTO `gambar_posting_blog` VALUES ('38', 'merawat_sejak_dini_1530359497.jpg', 'Merawat Sejak Dini', null);
INSERT INTO `gambar_posting_blog` VALUES ('39', 'sampo_dan_kondisioner_yang_tepat_1530359570.jpg', 'Sampo dan Kondisioner yang Tepat', null);

-- ----------------------------
-- Table structure for groups
-- ----------------------------
DROP TABLE IF EXISTS `groups`;
CREATE TABLE `groups` (
  `id` mediumint(8) unsigned NOT NULL AUTO_INCREMENT,
  `name` varchar(20) NOT NULL,
  `description` varchar(100) NOT NULL,
  PRIMARY KEY (`id`)
) ENGINE=InnoDB AUTO_INCREMENT=5 DEFAULT CHARSET=utf8;

-- ----------------------------
-- Records of groups
-- ----------------------------
INSERT INTO `groups` VALUES ('1', 'admin', 'Administrator');
INSERT INTO `groups` VALUES ('2', 'web_developer', 'Web Developer');
INSERT INTO `groups` VALUES ('3', 'reseller_pribadi', 'Reseller');
INSERT INTO `groups` VALUES ('4', 'reseller_organisasi', 'Distributor');

-- ----------------------------
-- Table structure for iklan
-- ----------------------------
DROP TABLE IF EXISTS `iklan`;
CREATE TABLE `iklan` (
  `id` int(10) unsigned NOT NULL AUTO_INCREMENT,
  `konten_id` int(11) DEFAULT NULL,
  `caption` varchar(255) DEFAULT NULL,
  `deskripsi` varchar(255) DEFAULT NULL,
  `nama_file` varchar(255) DEFAULT NULL,
  `link` text DEFAULT NULL,
  `perbolehkan_tampil` int(11) DEFAULT NULL,
  `clicked` int(11) DEFAULT NULL,
  `tanggal` datetime DEFAULT NULL,
  `admin_id` int(11) DEFAULT NULL,
  PRIMARY KEY (`id`)
) ENGINE=InnoDB AUTO_INCREMENT=4 DEFAULT CHARSET=utf8;

-- ----------------------------
-- Records of iklan
-- ----------------------------
INSERT INTO `iklan` VALUES ('1', '27', 'Perawatan Lengkap', '3 In 1', 'perawatan_lengkap_1530366215.jpg', 'http://localhost/lolinid/product/lolin-kids-3-in-1-outer-space-250ml', '1', null, '2018-06-25 10:56:02', '16');
INSERT INTO `iklan` VALUES ('2', '3', 'Aroma Anggur', 'Harum sepanjang hari', 'aku_ingin_bersamamu_1530365944.jpg', 'http://localhost/lolinid/product/lolin-kids-shampoo-grape-200ml', '1', null, '2018-06-29 02:42:05', '16');
INSERT INTO `iklan` VALUES ('3', '1', 'Harga Eksklusif', 'Reseller', 'harga_eksklusif_1530338267.jpg', '', '1', null, '2018-06-29 03:05:34', '16');

-- ----------------------------
-- Table structure for instagram
-- ----------------------------
DROP TABLE IF EXISTS `instagram`;
CREATE TABLE `instagram` (
  `id` int(10) unsigned NOT NULL AUTO_INCREMENT,
  `caption` varchar(255) DEFAULT '',
  `deskripsi` varchar(255) DEFAULT '',
  `nama_file` text DEFAULT NULL,
  `link` text DEFAULT NULL,
  `perbolehkan_tampil` int(11) DEFAULT NULL,
  `clicked` int(11) DEFAULT NULL,
  `tanggal` datetime DEFAULT NULL,
  `admin_id` int(11) DEFAULT NULL,
  PRIMARY KEY (`id`)
) ENGINE=InnoDB AUTO_INCREMENT=8 DEFAULT CHARSET=utf8 ROW_FORMAT=DYNAMIC;

-- ----------------------------
-- Records of instagram
-- ----------------------------
INSERT INTO `instagram` VALUES ('4', 'reres', 'Tau gak sih Moms?\r\nPenggunaan LOLIN Facial Wash dapat membantu mengatasi masalah kulit wajah kusam dan kering. Karena formula LOLIN Facial Wash dapat menutrisi kulit wajah, melembabkan, serta menjaga kelembutannya..\r\nAman gak sih? Tentu aman karena produk', 'reres_1534813960.jpg', 'https://www.instagram.com/p/BmApSKSBKxN/?taken-by=lolin_kids_care', '1', null, '2018-08-20 07:07:54', '16');
INSERT INTO `instagram` VALUES ('5', 'ss ss', 'Anak bunda berhijab? Sudah temukan shampoo atau body wash yang cocok? Yuk coba Shampoo dan Body Wash Hijab dari LOLIN ya bunda... Formula mint membantu memberi kesegaran yang tahan lama sehingga anak bisa merasa fresh sepanjang hari... #lolin #lolinkidsca', 'ss_ss_1534814052.jpg', 'https://www.instagram.com/p/BlcqK5rBD5c/?taken-by=lolin_kids_care', '1', null, '2018-08-20 07:28:28', '16');
INSERT INTO `instagram` VALUES ('6', 'rere d', 'Hai Moms... Gimana nih kesannya setelah pakai LOLIN 3in1? Cukup ringkas kan? 3 formula dalam 1 kemasan botol . Ada Body Wash, Shampoo, dan Conditioner .\r\nBadan jadi segar, rambut jadi halus dan wangi....', 'rere_d_1534814147.jpg', 'https://www.instagram.com/p/BlFcMWxhbeH/?taken-by=lolin_kids_care', '1', null, '2018-08-20 07:28:40', '16');
INSERT INTO `instagram` VALUES ('7', 'cece', 'Hello Moms !! Sudah cek stock shampoo dan conditioner di rumah? Masih ada atau hampir habis? Ayo Moms order lagi, bisa langsung ke 0856 0484 8140', 'cece_1534814238.jpg', 'https://www.instagram.com/p/BhLkYscAIBK/?taken-by=lolin_kids_care', '1', null, '2018-08-20 07:28:58', '16');

-- ----------------------------
-- Table structure for introduction
-- ----------------------------
DROP TABLE IF EXISTS `introduction`;
CREATE TABLE `introduction` (
  `id` int(10) unsigned NOT NULL AUTO_INCREMENT,
  `caption` varchar(255) DEFAULT NULL,
  `deskripsi` varchar(255) DEFAULT NULL,
  `nama_file` varchar(255) DEFAULT NULL,
  `urutan` int(11) DEFAULT NULL,
  `admin_id` int(11) DEFAULT NULL,
  PRIMARY KEY (`id`)
) ENGINE=InnoDB AUTO_INCREMENT=6 DEFAULT CHARSET=utf8;

-- ----------------------------
-- Records of introduction
-- ----------------------------
INSERT INTO `introduction` VALUES ('1', 'Terdaftar di BPOM', 'Semua produk kami telah lulus teruji di BPOM', 'terdaftar_di_bpom_1532310786.jpg', '1', '16');
INSERT INTO `introduction` VALUES ('2', 'Bersertifikat MUI &amp; HALAL', 'Mendapatkan sertifikat MUI & Halal sehingga dapat memberikan kepercayaan penuh terhadap konsumen bahwa produk kami aman', 'bersertifikat_mui_amp_halal_1532310795.jpg', '2', '16');
INSERT INTO `introduction` VALUES ('3', 'Free Paraben', 'Dibuat dengan Formula ringan yang di khususkan untuk anak-anak sehingga aman dari zat berbahaya', 'free_paraben_1532310804.jpg', '3', '16');
INSERT INTO `introduction` VALUES ('4', 'No Allergents / Bebas Allergent', 'Tidak membuat alergi pada kulit karena terbuat dari bahan organic yang sudah diuji secara klinis', 'no_allergents_bebas_allergent_1532310815.jpg', '4', '16');

-- ----------------------------
-- Table structure for jenis_bank
-- ----------------------------
DROP TABLE IF EXISTS `jenis_bank`;
CREATE TABLE `jenis_bank` (
  `id` int(11) NOT NULL AUTO_INCREMENT,
  `nama_jenis_bank` varchar(255) DEFAULT NULL,
  PRIMARY KEY (`id`)
) ENGINE=InnoDB AUTO_INCREMENT=9 DEFAULT CHARSET=utf8;

-- ----------------------------
-- Records of jenis_bank
-- ----------------------------
INSERT INTO `jenis_bank` VALUES ('1', 'Bank Sentral');
INSERT INTO `jenis_bank` VALUES ('2', 'Bank Pemerintah');
INSERT INTO `jenis_bank` VALUES ('3', 'Bank Swasta Nasional Devisa');
INSERT INTO `jenis_bank` VALUES ('4', 'Bank Swasta Nasional Non-Devisa');
INSERT INTO `jenis_bank` VALUES ('5', 'Bank Pembangunan Daerah');
INSERT INTO `jenis_bank` VALUES ('6', 'Bank Campuran');
INSERT INTO `jenis_bank` VALUES ('7', 'Bank Asing');
INSERT INTO `jenis_bank` VALUES ('8', 'Bank Syariah');

-- ----------------------------
-- Table structure for kategori_blog
-- ----------------------------
DROP TABLE IF EXISTS `kategori_blog`;
CREATE TABLE `kategori_blog` (
  `id` int(10) unsigned NOT NULL AUTO_INCREMENT,
  `nama_kategori` varchar(255) DEFAULT NULL,
  `slug` varchar(255) DEFAULT NULL,
  `perbolehkan_tampil` varchar(255) DEFAULT NULL,
  PRIMARY KEY (`id`)
) ENGINE=InnoDB AUTO_INCREMENT=9 DEFAULT CHARSET=utf8;

-- ----------------------------
-- Records of kategori_blog
-- ----------------------------
INSERT INTO `kategori_blog` VALUES ('5', 'Perawatan Anak', 'perawatan-anak', '1');
INSERT INTO `kategori_blog` VALUES ('6', 'se yeye', 'se-yeye', '1');
INSERT INTO `kategori_blog` VALUES ('7', 'cece', 'cece', '1');

-- ----------------------------
-- Table structure for kode
-- ----------------------------
DROP TABLE IF EXISTS `kode`;
CREATE TABLE `kode` (
  `id` int(10) unsigned NOT NULL AUTO_INCREMENT,
  `nomor_kode` varchar(255) DEFAULT '',
  PRIMARY KEY (`id`)
) ENGINE=InnoDB AUTO_INCREMENT=9 DEFAULT CHARSET=utf8;

-- ----------------------------
-- Records of kode
-- ----------------------------
INSERT INTO `kode` VALUES ('4', 'PO-19072018-0004');
INSERT INTO `kode` VALUES ('5', 'PO-20072018-0001');
INSERT INTO `kode` VALUES ('6', 'PO-20072018-0002');
INSERT INTO `kode` VALUES ('7', 'PO-20072018-0003');
INSERT INTO `kode` VALUES ('8', 'PO-20072018-0004');

-- ----------------------------
-- Table structure for komentar_blog
-- ----------------------------
DROP TABLE IF EXISTS `komentar_blog`;
CREATE TABLE `komentar_blog` (
  `id` int(10) unsigned NOT NULL AUTO_INCREMENT,
  `komentar_parent_id` int(10) unsigned DEFAULT NULL,
  `blog_id` int(10) unsigned DEFAULT NULL,
  `email` varchar(255) DEFAULT NULL,
  `nama` varchar(255) DEFAULT NULL,
  `konten` varchar(255) DEFAULT NULL,
  `tanggal` varchar(255) DEFAULT NULL,
  `status` varchar(255) DEFAULT NULL,
  `spam` varchar(255) DEFAULT NULL,
  `ip_address` varchar(255) DEFAULT NULL,
  `user_agent` varchar(255) DEFAULT NULL,
  `platform` varchar(255) DEFAULT NULL,
  `komentar_sebagai` varchar(255) DEFAULT NULL,
  `token` varchar(255) DEFAULT NULL,
  PRIMARY KEY (`id`),
  KEY `komentar_blog_ibfk_1` (`blog_id`),
  CONSTRAINT `komentar_blog_ibfk_1` FOREIGN KEY (`blog_id`) REFERENCES `blog` (`id`) ON UPDATE CASCADE
) ENGINE=InnoDB DEFAULT CHARSET=utf8;

-- ----------------------------
-- Records of komentar_blog
-- ----------------------------

-- ----------------------------
-- Table structure for konten_blog
-- ----------------------------
DROP TABLE IF EXISTS `konten_blog`;
CREATE TABLE `konten_blog` (
  `blog_id` int(10) unsigned NOT NULL,
  `konten` text DEFAULT NULL,
  `halaman` varchar(255) DEFAULT NULL,
  KEY `konten_blog_ibfk_1` (`blog_id`),
  CONSTRAINT `konten_blog_ibfk_1` FOREIGN KEY (`blog_id`) REFERENCES `blog` (`id`) ON UPDATE CASCADE
) ENGINE=InnoDB DEFAULT CHARSET=utf8;

-- ----------------------------
-- Records of konten_blog
-- ----------------------------
INSERT INTO `konten_blog` VALUES ('30', '<p>Anak-anak cenderung rentan terhadap alergi. Alergi pada anak-anak lebih sering disebabkan oleh lingkungan, daripada gen. Anak-anak sensitif terhadap banyak hal karena sistem imun anak-anak masih berkembang. Biasanya, anak-anak yang sering bersin, batuk-batuk dan gatal-gatal adalah anak-anak yang alergi terhadap sesuatu. Untuk memahami alergi pada anak-anak, anda harus memperhatikan dengan teliti makanan apa saja yang masuk ke dalam tubuh mereka, kebersihan lingkungan bermain dan produk-produk yang anda gunakan sehari-hari.</p>\r\n\r\n<p>Anak kecil biasanya rentan dengan debu udara luar dan asap. Anda bisa melindungi anak anda dengan memberikan udara bersih di rumah anda. Produk-produk seperti air purifier akan membantu anak kecil yang sering bersin-bersin atau memiliki asma. Anda juga bisa memberi makanan yang tidak mengandung kacang-kacangan atau menu seminggu tanpa telur untuk mengetes makanan-makanan yang mungkin mempengaruhi alergi anak anda.</p>\r\n\r\n<p>Untuk mengetahui secara pasti alergi pada anak anda, disarankan untuk menghubungi dokter ahli.</p>', '1');
INSERT INTO `konten_blog` VALUES ('30', '', '2');
INSERT INTO `konten_blog` VALUES ('30', '', '3');
INSERT INTO `konten_blog` VALUES ('30', '', '4');
INSERT INTO `konten_blog` VALUES ('31', '<p>Tangan. Seorang anak kecil memiliki rasa ingin tahu yang besar. Secara alami mereka akan mencoba mencari tahu banyak hal dengan cara membau atau memegang sebuah benda. Bahkan, tidak jarang mereka memasukkan benda-benda itu pada mulut mereka. Karena itulah, tangan merupakan bagian tubuh anak dengan kuman terbanyak.</p>\r\n\r\n<p>Karena itu, orang tua harus rajin mengingatkan anak-anak untuk selalu mencuci tangan, seperti saat pulang dari sekolah dan saat akan mulai makan. Membekali anak-anak dengan sanitizer mungkin terlihat seperti hal yang tepat untuk dilakukan, tetapi tahukah anda bahwa terlalu sering menggunakan sanitizer dapat menyebabkan kuman di tangan anak menjadi resisten? Hal itu berarti, setelah beberapa saat, kuman di tubuh anak menjadi kebal terhadap sabun dan sanitizer sehingga kuman tidak dapat mati meski anak telah menggunakan sanitizer.</p>\r\n\r\n<p>Biasakan mencuci tangan setiap sebelum makan dan memasuki rumah.</p>', '1');
INSERT INTO `konten_blog` VALUES ('31', '', '2');
INSERT INTO `konten_blog` VALUES ('31', '', '3');
INSERT INTO `konten_blog` VALUES ('31', '', '4');
INSERT INTO `konten_blog` VALUES ('32', '<p>Tahukah anda? Kulit merupakan organ terbesar dalam tubuh kita. Apapun yang kita oleskan ke kulit kita akan diserap oleh tubuh. Beberapa bahan kimia yang akan dibahas biasanya ditemukan di banyak produk sehari-hari. Apa saja sih bahan-bahan kimia berbahaya yang kemungkinan ada di komposisi produk perawatanmu?</p>\r\n\r\n<table border=\"0\" cellpadding=\"1\" cellspacing=\"1\">\r\n <tbody>\r\n  <tr>\r\n   <td>1.</td>\r\n   <td>Paraben</td>\r\n  </tr>\r\n  <tr>\r\n   <td></td>\r\n   <td>Paraben tergolong zat anti bakteri yang dapat memperpanjang masa simpan sebuah produk. Hingga kini, masih banyak makanan maupun produk perawatan yang menggunakan paraben sebagai pengawet. Pada tahun 2005 terdapat studi yang menemukan residu paraben pada penderita kanker payudara. Studi menunjukkan bahwa paraben dapat mengganggu aktivitas hormon estrogen yang pada akhirnya menyebabkan kanker dan infertilitas. Mulailah melihat label komposisi di produk perawatan kalian dan batasi penggunaan produk yang mengandung paraben.</td>\r\n  </tr>\r\n  <tr>\r\n   <td>2.</td>\r\n   <td>Triclosan</td>\r\n  </tr>\r\n  <tr>\r\n   <td></td>\r\n   <td>Triclosan juga merupakan zat antibakteri yang biasanya dapat ditemukan di sabun mandi dan hand sanitizer. Triclosan sendiri tidak berbahaya, akan tetapi sebuah studi menyatakan bahwa keberadaan triclosan dapat menyebabkan bakteri yang resisten terhadap antibiotic tumbuh di kulit. Studi mengenai triclosan juga menyatakan bahwa triclosan yang bereaksi dengan klorin dari air PDAM akan membentuk kloroform yang karsinogenik untuk manusia.</td>\r\n  </tr>\r\n </tbody>\r\n</table>\r\n\r\n<p></p>\r\n\r\n<p>Biasakan membaca komposisi dari produk-produk favoritmu agar anda tahu pasti bahwa yang anda letakkan di kulitmu benar-benar bermanfaat untukmu!</p>', '1');
INSERT INTO `konten_blog` VALUES ('32', '', '2');
INSERT INTO `konten_blog` VALUES ('32', '', '3');
INSERT INTO `konten_blog` VALUES ('32', '', '4');
INSERT INTO `konten_blog` VALUES ('33', '<p>Ezcema sering terjadi pada anak-anak, gejalanya adalah kemerahan pada kulit dan gatal-gatal. Apa saja sih penyebab eczema? Eczema dapat disebabkan oleh genetic dan lingkungan. Penyebab lingkungan bisa saja produk-produk seperti deterjen, sabun, penggunaan krim dan parfum. Atau bisa juga disebabkan oleh makanan seperti kacang dan telur.</p>\r\n\r\n<p>Untuk mengurangi dan menangani eczema, anda harus menjauhkan tangan dan kuku anak anda dari kulit yang iritasi. Menggaruk eczema dapat menyebabkan iritasi lebih lanjut karena kulit akan terluka, menyebabkan bakteri masuk ke luka. Tidak ada obat pasti untuk eczema, akan tetapi dokter anak anda mungkin akan menyarankan krim hydrocortisone 1% atau antibiotik. Eczema karena gen biasanya akan hilang dengan sendirinya ketika anak berusia 10 tahun, sedangkan untuk menangani eczema karena lingkungan, anda mungkin mau meninjau ulang produk-produk yang anda pakai dan meneliti lagi makanan yang dimakan oleh anak anda.</p>\r\n\r\n<p>Sekian info dari Lolin, semoga info ini membantu kalian!</p>', '1');
INSERT INTO `konten_blog` VALUES ('33', '', '2');
INSERT INTO `konten_blog` VALUES ('33', '', '3');
INSERT INTO `konten_blog` VALUES ('33', '', '4');
INSERT INTO `konten_blog` VALUES ('34', '<p>Merawat kulit sebaiknya dilakukan sejak anak masih kecil. Sekarang, hampir setiap rumah tangga memiliki air conditioner. Berada di udara ber-AC dalam jangka waktu lama dapat menyebabkan kelembaban kulit menurun. Kelembaban tubuh kita secara otomatis menyesuaikan dengan kelembaban udara, jadi udara ber AC yang kelembaban relatifnya rendah dapat menyebabkan kulit anak menjadi kering.</p>\r\n\r\n<p>Kulit kering yang tidak dirawat dan dinutrisi dapat menyebabkan kulit pecah-pecah dan mudah mengelupas. Semakin cepat anda merawat kulit, maka akan semakin baik kulit itu nantinya. Intensitas perawatan kulit akan membuat banyak perbedaan pada masa depan kulit anak anda.</p>\r\n\r\n<p>Bagaimana caranya?</p>\r\n\r\n<p>Anda bisa memulai dengan membiasakan anak anda menggunakan body lotion setiap selesai mandi. Kondisi lembab setelah mandi menyebabkan produk lebih efektif dan cepat meresap dalam kulit. Menggunakan body lotion akan menutrisi kulit anak dan menjaga kelembutan kulit mudanya. Pencegahan lebih baik dari pengobatan, bukan? Daripada menghabiskan lebih banyak uang untuk memperbaiki kulit nantinya, mulailah investasikan waktu anda untuk merawat kulit anak anda. Dijamin, anak anda akan berterima kasih nantinya!</p>', '1');
INSERT INTO `konten_blog` VALUES ('34', '', '2');
INSERT INTO `konten_blog` VALUES ('34', '', '3');
INSERT INTO `konten_blog` VALUES ('34', '', '4');
INSERT INTO `konten_blog` VALUES ('35', '<p>Saat bemain di taman, tiba-tiba anak anda datang dan menangis karena ada ulat bulu atau lebah yang menggigit tangannya. Apa yang harus dilakukan?</p>\r\n\r\n<ol>\r\n <li>Jangan panik. Apabila anda panik, anak anda juga akan panik. Semakin anak anda bergerak cepat karena kepanikannya, maka semakin cepat racun serangga mengalir ke pembuluh darahnya. Apabila bisa dari serangga itu masih ada di kulit anak anda, cepat ambil bisa itu dengan pinset.</li>\r\n <li>Cuci luka pada kulit anak anda dengan sabun dan air bersih.</li>\r\n <li>Letakkan ice pack pada kulit yang digigit serangga selama 15 menit setiap satu jam pada 6 jam pertama. Jangan meletakkan ice pack selama lebih dari 15 menit setiap jamnya.</li>\r\n <li>Setelah itu, buat pasta kental dari air bersih dan baking soda untuk mengurangi gatal-gatal akibat gigitan serangga. Apabila terjadi pembengkakan, disarankan segera hubungi dokter.</li>\r\n</ol>\r\n\r\n<p>Diatas adalah langkah-langkah yang bisa anda lakukan untuk mengobati gigitan serangga dengan bahan-bahan yang pasti ada di rumah anda. Semoga artikel ini berguna dan terima kasih!</p>', '1');
INSERT INTO `konten_blog` VALUES ('35', '', '2');
INSERT INTO `konten_blog` VALUES ('35', '', '3');
INSERT INTO `konten_blog` VALUES ('35', '', '4');
INSERT INTO `konten_blog` VALUES ('36', '<p>Hal ini sering terjadi pada pagi hari. Rambut panjang dan halus anak perempuan anda yang biasanya dipuji-puji oleh ibu-ibu lain tidak dicapai dengan mudah. Pagi hari sudah cukup merepotkan dengan anda yang harus bersiap untuk kerja namun kemudian putri anda yang manis mendadak memiliki untaian rambut kusut di kepalanya. Melepaskan untaian-untaian rambut tersebut tidaklah mudah, dan sering kali mereka menangis saat rambut mereka ditarik terlalu keras.</p>\r\n\r\n<p>Lolin punya solusinya. Setiap selesai keramas, pakailah Lolin Kids Conditioner yang diformulasikan dengan detangler untuk membantu mengurai rambut-rambut kusut tersebut. Detangler sendiri merupakan produk yang berfungsi untuk meminimalisir kerontokan rambut kusut ketika disisir.</p>\r\n\r\n<p>Tips lain, selalu sisir rambut anak anda sebelum mereka tidur. Menyisir rambut anak anda sebelum tidur akan mempermudah rutinitas pagi hari anda.</p>\r\n\r\n<p>Untuk meminimalisir tarikan pada kulit kepala anak anda, ambil rambut yang kusut dengan tangan dan sisir daerah itu saja, dengan tetap menahan rambut anak anda agar kulit kepalanya tidak tertarik.</p>\r\n\r\n<p>Semoga tips Lolin membantu para ibu untuk mengurai rambut-rambut kusut di pagi hari. Terima kasih!</p>', '1');
INSERT INTO `konten_blog` VALUES ('36', '', '2');
INSERT INTO `konten_blog` VALUES ('36', '', '3');
INSERT INTO `konten_blog` VALUES ('36', '', '4');
INSERT INTO `konten_blog` VALUES ('37', '<p>Kulit anak-anak memerlukan perawatan yang lebih karena kulit anak-anak lebih lembut dan sensitif. Semakin bertambahnya umur, kulit anak-anak akan terpapar banyak hal seperti debu, sinar matahari, dan bahan-bahan kimia dari produk-produk yang kita gunakan sehari-hari. Lolin membagikan tips bagaimana cara merawat kulit anak anda sejak dini.</p>\r\n\r\n<p>Ajarkan anak anda cara mencuci muka dengan benar. Semua orang mengerti cara mencuci muka, tetapi kebanyakan orang melupakan bahwa membilas wajah yang telah dicuci juga penting. Ajarkan pada anak anda untuk selalu membilas wajahnya minimal sepuluh kali setelah mencuci muka agar residu sabun tidak tertinggal di wajah anak anda.</p>\r\n\r\n<p>Anda juga bisa mulai membiasakan anak anda untuk menggunakan body lotion setelah mandi untuk menjaga kelembaban kulit mereka. Perawatan kulit sejak dini akan memberi anak anda kulit yang sehat hingga nanti!</p>', '1');
INSERT INTO `konten_blog` VALUES ('37', '', '2');
INSERT INTO `konten_blog` VALUES ('37', '', '3');
INSERT INTO `konten_blog` VALUES ('37', '', '4');
INSERT INTO `konten_blog` VALUES ('38', '<p>Lolin memiliki visi untuk merawat kulit anak-anak Indonesia sejak mereka masih kecil. Di Indonesia belum banyak produk untuk anak-anak di pasaran, padahal anak-anak berusia 3-12 tahun memiliki kulit yang berbeda dengan bayi maupun orang dewasa. Lolin percaya bahwa perawatan kulit bukan hanya untuk remaja atau orang dewasa, tetapi juga anak-anak. Berbekal visi ini, Lolin berusaha untuk memformulasikan produk yang tepat dan aman untuk digunakan oleh anak-anak.</p>\r\n\r\n<p>Mengapa merawat sejak dini itu penting?</p>\r\n\r\n<p>Sama seperti anak-anak sendiri, kulit anak masih berkembang seiring dengan pertambahan umur anak. Karena itulah, produk yang tepat diperlukan untuk mendukung perkembangan kulit anak. Membersihkan kulit wajah anak dengan sabun yang aman merupakan langkah pertama untuk mempertahankan kelembaban dan mendukung perkembangan kulit anak.</p>\r\n\r\n<p>Mengapa Lolin ditujukan untuk anak-anak berusia 3-12 tahun?</p>\r\n\r\n<p>Usia 3-12 tahun merupakan usia aktif anak-anak. Pada usia ini mereka akan melakukan banyak aktivitas dan ingin tahu tentang banyak hal. Rangkaian perawatan Lolin merupakan pilihan yang tepat untuk anak-anak berusia 3-12 tahun karena produk Lolin dapat membersihkan dan menutrisi kulit anak secara optimal.</p>', '1');
INSERT INTO `konten_blog` VALUES ('38', '', '2');
INSERT INTO `konten_blog` VALUES ('38', '', '3');
INSERT INTO `konten_blog` VALUES ('38', '', '4');
INSERT INTO `konten_blog` VALUES ('39', '<p>Anak memerlukan rangkaian perawatan yang khusus untuk usianya karena rambut anak berbeda dengan rambut orang dewasa. Tahukah anda kalau rambut juga mengalami penuaan (aging)? Akan tetapi, karena tidak begitu kelihatan, hanya sedikit orang yang memperhatikan kesehatan rambut anak. Sampo komersial untuk orang dewasa mengandung SLS dengan kadar tinggi, yaitu Sodium Laureth Sulfate yang pada dasarnya adalah deterjen. SLS merupakan agen pembusa pada produk-produk pembersih. SLS membuka pori-pori pada rambut untuk membersihkan rambut dari residu debu dan produk perawatan yang menumpuk. SLS tidak sepenuhnya buruk, tetapi sampo orang dewasa mengandung terlalu banyak SLS, menjadikannya terlalu keras untuk digunakan pada rambut anak-anak. Hal ini menyebabkan penggunaan sampo dewasa pada rambut anak-anak menyebabkan penuaan rambut terjadi lebih cepat. Lolin Kids Shampoo hanya menggunakan sedikit SLS sehingga aman dan cocok untuk anak-anak.</p>\r\n\r\n<p>Conditioner perlu diikutkan dalam perawatan rambut anak untuk menjaga kelembaban rambut. Formula detangler dalam Lolin Conditioner membantu mengurai kekusutan rambut anak dan menjaga kehalusannya sampai waktu cuci rambut selanjutnya. Menggunakan sampo tanpa conditioner memang bisa, tetapi hasilnya tidak akan optimal. Selalu gunakan conditioner untuk menutrisi rambut anak anda.</p>', '1');
INSERT INTO `konten_blog` VALUES ('39', '', '2');
INSERT INTO `konten_blog` VALUES ('39', '', '3');
INSERT INTO `konten_blog` VALUES ('39', '', '4');

-- ----------------------------
-- Table structure for konten_halaman
-- ----------------------------
DROP TABLE IF EXISTS `konten_halaman`;
CREATE TABLE `konten_halaman` (
  `id` int(10) unsigned NOT NULL AUTO_INCREMENT,
  `judul` varchar(255) DEFAULT NULL,
  `slug` varchar(255) DEFAULT NULL,
  `deskripsi` mediumtext DEFAULT NULL,
  `deskripsi_seo` varchar(255) DEFAULT NULL,
  `keyword_seo` varchar(255) DEFAULT NULL,
  `status_id` int(11) unsigned DEFAULT NULL,
  `perbolehkan_tampil` int(11) DEFAULT NULL,
  `peta_situs` int(11) DEFAULT NULL,
  `admin_id` int(11) DEFAULT NULL,
  PRIMARY KEY (`id`),
  KEY `konten_halaman_ibfk_1` (`status_id`),
  CONSTRAINT `konten_halaman_ibfk_1` FOREIGN KEY (`status_id`) REFERENCES `status` (`id`) ON UPDATE CASCADE
) ENGINE=InnoDB AUTO_INCREMENT=28 DEFAULT CHARSET=utf8;

-- ----------------------------
-- Records of konten_halaman
-- ----------------------------
INSERT INTO `konten_halaman` VALUES ('1', 'Home', 'home', '', 'Lolin merupakan produk perawatan khusus anak dengan varian Shampoo, Conditioner, Facial Wash, dan Body Lotion.', 'lolin, lolin world, perawatan anak sejak dini, perawatan anak, produk anak, shampoo anak, conditioner anak, facial wash anak, body lotion anak', '1', '1', '1', '16');
INSERT INTO `konten_halaman` VALUES ('2', 'Profil', 'profil', '<p>Lolin Kids Care Products berada dalam naungan PT LOLIN BERJAYA MULIA. Perusahaan ini hadir karena adanya rasa kepedulian terhadap anak-anak, dengan menghasilkan produk-produk yang dikhususkan untuk anak. PT LOLIN BERJAYA MULIA memiliki komitmen yang tinggi untuk memberikan jaminan kualitas dan keamanan produk sehingga para konsumen, khususnya anak-anak dapat memperoleh hasil yang maksimal. Produk perawatan khusus anak sangat diperlukan, karena minimnya produk-produk anak berkualitas di pasaran dan perlunya anak-anak mendapat perawatan rambut, wajah dan badan secara baik.</p>\r\n\r\n<p>Problem sehari-hari yang timbul seperti kusutnya rambut anak, aroma kurang sedap pada rambut anak, munculnya permasalahan di kulit wajah dan badan dapat diminimalisir dengan melakukan perawatan terhadap anak menggunakan Lolin Kids Care Products.</p>', 'Lolin merupakan produk perawatan khusus anak dengan varian Shampoo, Conditioner, Facial Wash, dan Body Lotion.', 'lolin, lolin world, perawatan anak sejak dini, perawatan anak, produk anak, shampoo anak, conditioner anak, facial wash anak, body lotion anak', '1', '1', '1', '16');
INSERT INTO `konten_halaman` VALUES ('3', 'Produk', 'produk', '<p>Produk Lolin :</p>', 'Lolin merupakan produk perawatan khusus anak dengan varian Shampoo, Conditioner, Facial Wash, dan Body Lotion.', 'lolin, lolin world, perawatan anak sejak dini, perawatan anak, produk anak, shampoo anak, conditioner anak, facial wash anak, body lotion anak', '1', '1', '1', '16');
INSERT INTO `konten_halaman` VALUES ('4', 'Reseller', 'reseller', '', 'Lolin merupakan produk perawatan khusus anak dengan varian Shampoo, Conditioner, Facial Wash, dan Body Lotion.', 'lolin, lolin world, perawatan anak sejak dini, perawatan anak, produk anak, shampoo anak, conditioner anak, facial wash anak, body lotion anak', '1', '1', '1', '16');
INSERT INTO `konten_halaman` VALUES ('5', 'Event', 'event', '', 'Lolin merupakan produk perawatan khusus anak dengan varian Shampoo, Conditioner, Facial Wash, dan Body Lotion.', 'lolin, lolin world, perawatan anak sejak dini, perawatan anak, produk anak, shampoo anak, conditioner anak, facial wash anak, body lotion anak', '1', '1', '1', '16');
INSERT INTO `konten_halaman` VALUES ('6', 'Testimoni', 'testimoni', '', 'Lolin merupakan produk perawatan khusus anak dengan varian Shampoo, Conditioner, Facial Wash, dan Body Lotion.', 'lolin, lolin world, perawatan anak sejak dini, perawatan anak, produk anak, shampoo anak, conditioner anak, facial wash anak, body lotion anak', '1', '1', '1', '16');
INSERT INTO `konten_halaman` VALUES ('7', 'Faq', 'faq', '<p>Frequently Asked Questions</p>', 'Lolin merupakan produk perawatan khusus anak dengan varian Shampoo, Conditioner, Facial Wash, dan Body Lotion.', 'lolin, lolin world, perawatan anak sejak dini, perawatan anak, produk anak, shampoo anak, conditioner anak, facial wash anak, body lotion anak', '1', '1', '1', '16');
INSERT INTO `konten_halaman` VALUES ('8', 'Kontak', 'kontak', '', 'Lolin merupakan produk perawatan khusus anak dengan varian Shampoo, Conditioner, Facial Wash, dan Body Lotion.', 'lolin, lolin world, perawatan anak sejak dini, perawatan anak, produk anak, shampoo anak, conditioner anak, facial wash anak, body lotion anak', '1', '1', '1', '16');
INSERT INTO `konten_halaman` VALUES ('9', 'Pesan Sekarang', 'pesan-sekarang', '', 'Lolin merupakan produk perawatan khusus anak dengan varian Shampoo, Conditioner, Facial Wash, dan Body Lotion.', 'lolin, lolin world, perawatan anak sejak dini, perawatan anak, produk anak, shampoo anak, conditioner anak, facial wash anak, body lotion anak', '2', '1', '0', '16');
INSERT INTO `konten_halaman` VALUES ('10', 'Artikel', 'artikel', '', 'Lolin merupakan produk perawatan khusus anak dengan varian Shampoo, Conditioner, Facial Wash, dan Body Lotion.', 'lolin, lolin world, perawatan anak sejak dini, perawatan anak, produk anak, shampoo anak, conditioner anak, facial wash anak, body lotion anak', '1', '1', '1', '16');
INSERT INTO `konten_halaman` VALUES ('11', 'Karir', 'karir', '<p>Tidak ada lowongan pekerjaan.</p>', 'Lolin merupakan produk perawatan khusus anak dengan varian Shampoo, Conditioner, Facial Wash, dan Body Lotion.', 'lolin, lolin world, perawatan anak sejak dini, perawatan anak, produk anak, shampoo anak, conditioner anak, facial wash anak, body lotion anak', '1', '1', '1', '16');
INSERT INTO `konten_halaman` VALUES ('12', 'Home: Intro', 'home-intro', '<h2>Lolin Kids Care Product</h2>\r\n\r\n<p>Produk Perawatan Anak Sejak Dini</p>', '', '', '2', '1', '0', '16');
INSERT INTO `konten_halaman` VALUES ('13', 'Download', 'download', '<p>Silahkan pilih file yang ingin anda download dengan klik pada checkbox disamping file tersebut.<br>\r\nAnda dapat mendownload lebih dari 1 file/dokumen. <strong>Semoga bermanfaat!</strong></p>', '', '', '1', '0', '0', '16');
INSERT INTO `konten_halaman` VALUES ('14', 'Download: Register to Download', 'download-register-to-download', '', '', '', '1', '0', '0', '16');
INSERT INTO `konten_halaman` VALUES ('15', 'Download: Download', 'download-download', '', '', '', '1', '0', '0', '16');
INSERT INTO `konten_halaman` VALUES ('16', 'Event: Register to an Event', 'event-register-to-an-event', '', '', '', '1', '0', '0', '16');
INSERT INTO `konten_halaman` VALUES ('17', 'Event: Register Success', 'event-register-success', '', '', '', '1', '0', '0', '16');
INSERT INTO `konten_halaman` VALUES ('18', 'Newsletter: Registration Success', 'newsletter-registration-success', '', '', '', '1', '0', '0', '16');
INSERT INTO `konten_halaman` VALUES ('19', 'Newsletter: Unsubscribe Success', 'newsletter-unsubscribe-success', '', '', '', '1', '0', '0', '16');
INSERT INTO `konten_halaman` VALUES ('20', 'Newsletter: Unscubscribe Failed', 'newsletter-unscubscribe-failed', '', '', '', '1', '0', '0', '16');
INSERT INTO `konten_halaman` VALUES ('21', 'Home: Terdaftar', 'home-terdaftar', '<h6>Terdaftar di BPOM</h6>\r\n\r\n<p>Semua produk kami telah lulus teruji di BPOM</p>', '', '', '2', '1', '0', '16');
INSERT INTO `konten_halaman` VALUES ('22', 'Home: Bersertifikat', 'home-bersertifikat', '<h6>Bersertifikat MUI & HALAL</h6>\r\n\r\n<p>Mendapatkan sertifikat MUI & Halal sehingga dapat memberikan kepercayaan penuh terhadap konsumen bahwa produk kami aman</p>', '', '', '2', '1', '0', '16');
INSERT INTO `konten_halaman` VALUES ('23', 'Home: Free Paraben', 'home-free-paraben', '<h6>Free Paraben</h6>\r\n\r\n<p>Dibuat dengan Formula ringan yang di khususkan untuk anak-anak sehingga aman dari zat berbahaya</p>', '', '', '2', '1', '0', '16');
INSERT INTO `konten_halaman` VALUES ('24', 'Home: No Allergents', 'home-no-allergents', '<h6>NoAllergents / Bebas Allergent</h6>\r\n\r\n<p>Tidak membuat alergi pada kulit karena terbuat dari bahan organic yang sudah diuji secara klinis</p>', '', '', '2', '1', '0', '16');
INSERT INTO `konten_halaman` VALUES ('25', 'Home: Search', 'home-search', '', '', '', '2', '1', '0', '16');
INSERT INTO `konten_halaman` VALUES ('26', 'Blog: Search', 'blog-search', '<p>Hasil pencarian :</p>', '', '', '2', '1', '0', '16');
INSERT INTO `konten_halaman` VALUES ('27', 'Blog', 'blog', '', '', '', '1', '1', '1', '16');

-- ----------------------------
-- Table structure for login_attempts
-- ----------------------------
DROP TABLE IF EXISTS `login_attempts`;
CREATE TABLE `login_attempts` (
  `id` int(11) unsigned NOT NULL AUTO_INCREMENT,
  `ip_address` varchar(45) NOT NULL,
  `login` varchar(100) NOT NULL,
  `time` int(11) unsigned DEFAULT NULL,
  PRIMARY KEY (`id`)
) ENGINE=InnoDB AUTO_INCREMENT=63 DEFAULT CHARSET=utf8;

-- ----------------------------
-- Records of login_attempts
-- ----------------------------

-- ----------------------------
-- Table structure for log_transaksi
-- ----------------------------
DROP TABLE IF EXISTS `log_transaksi`;
CREATE TABLE `log_transaksi` (
  `id` int(10) unsigned NOT NULL AUTO_INCREMENT,
  `tipe_transaksi_id` int(10) unsigned DEFAULT NULL,
  `reseller_id` varchar(255) DEFAULT NULL,
  `related_id` varchar(255) DEFAULT NULL,
  `tanggal_log` varchar(255) DEFAULT NULL,
  PRIMARY KEY (`id`),
  KEY `log_transaksi_ibfk_1` (`tipe_transaksi_id`),
  CONSTRAINT `log_transaksi_ibfk_1` FOREIGN KEY (`tipe_transaksi_id`) REFERENCES `tipe_transaksi` (`id`) ON UPDATE CASCADE
) ENGINE=InnoDB AUTO_INCREMENT=34 DEFAULT CHARSET=utf8;

-- ----------------------------
-- Records of log_transaksi
-- ----------------------------
INSERT INTO `log_transaksi` VALUES ('32', '1', null, 'OMR-28082018-0001', '2018-08-28 02:29:18');
INSERT INTO `log_transaksi` VALUES ('33', '1', '115', 'OMR-28082018-0001', '2018-08-28 04:42:44');

-- ----------------------------
-- Table structure for merchant
-- ----------------------------
DROP TABLE IF EXISTS `merchant`;
CREATE TABLE `merchant` (
  `id_merchant` int(11) NOT NULL AUTO_INCREMENT,
  `nama_merchant` varchar(255) DEFAULT NULL,
  `deskripsi_merchant` text DEFAULT NULL,
  `gambar_logo_merchant` varchar(255) DEFAULT NULL,
  `link_merchant` varchar(255) DEFAULT NULL,
  `urutan_merchant` varchar(255) DEFAULT NULL,
  `tampilkan_merchant` varchar(255) DEFAULT NULL,
  PRIMARY KEY (`id_merchant`)
) ENGINE=InnoDB AUTO_INCREMENT=14 DEFAULT CHARSET=utf8;

-- ----------------------------
-- Records of merchant
-- ----------------------------
INSERT INTO `merchant` VALUES ('11', 'Bukalapak', 'Merchant Bukalapak', 'Bukalapak_1528077198.jpg', 'https://www.bukalapak.com/u/ptlolinberjayamulia?from=omnisearch&search_source=omnisearch_user&source=navbar', '3', '1');
INSERT INTO `merchant` VALUES ('12', 'Tokopedia', 'Merchant Tokopedia', 'Tokopedia_1528077206.jpg', 'https://www.tokopedia.com/lolinworld?source=universe&st=product', '4', '1');
INSERT INTO `merchant` VALUES ('13', 'Blibli', 'Merchant Blibli', 'Blibli_1528077214.jpg', 'https://www.blibli.com/merchant/lolin-kids-care-products/LOW-60021', '5', '1');

-- ----------------------------
-- Table structure for meta
-- ----------------------------
DROP TABLE IF EXISTS `meta`;
CREATE TABLE `meta` (
  `id` mediumint(8) unsigned NOT NULL AUTO_INCREMENT,
  `user_id` mediumint(8) unsigned DEFAULT NULL,
  `nama_lengkap` varchar(255) DEFAULT NULL,
  `nomor_ktp` varchar(255) DEFAULT NULL,
  `tempat_lahir` varchar(255) DEFAULT NULL,
  `tanggal_lahir` date DEFAULT NULL,
  `nomor_telepon_reseller` varchar(255) DEFAULT NULL,
  `alamat_reseller` varchar(255) DEFAULT NULL,
  `nama_organisasi` varchar(255) DEFAULT NULL,
  `alamat_organisasi` varchar(255) DEFAULT NULL,
  `nomor_telepon_organisasi` varchar(255) DEFAULT NULL,
  `bank_id` varchar(255) DEFAULT '',
  `nomor_rekening` varchar(255) DEFAULT NULL,
  `nama_pemilik_rekening` varchar(255) DEFAULT NULL,
  `tanggal_daftar_reseller` varchar(255) DEFAULT NULL,
  `foto_profile` text DEFAULT NULL,
  `nama_toko` varchar(255) DEFAULT NULL,
  `link_toko` varchar(255) DEFAULT NULL,
  `paket_reseller_id` int(10) unsigned DEFAULT NULL,
  `reseller_id` varchar(255) DEFAULT '',
  `tanggal_kedaluwarsa_poin_reseller` varchar(255) DEFAULT NULL,
  `token` varchar(255) DEFAULT NULL,
  PRIMARY KEY (`id`),
  KEY `meta_ibfk_1` (`user_id`),
  KEY `meta_ibfk_2` (`paket_reseller_id`),
  CONSTRAINT `meta_ibfk_1` FOREIGN KEY (`user_id`) REFERENCES `users` (`id`) ON UPDATE CASCADE,
  CONSTRAINT `meta_ibfk_2` FOREIGN KEY (`paket_reseller_id`) REFERENCES `paket_reseller` (`id`) ON UPDATE CASCADE
) ENGINE=InnoDB AUTO_INCREMENT=119 DEFAULT CHARSET=utf8;

-- ----------------------------
-- Records of meta
-- ----------------------------
INSERT INTO `meta` VALUES ('1', '1', 'Administrator', null, null, '1980-10-05', null, null, null, null, null, null, null, null, null, null, null, null, null, null, null, null);
INSERT INTO `meta` VALUES ('16', '16', 'Lefi Andri', null, null, '1980-10-05', null, null, null, null, null, null, null, null, null, null, null, null, null, null, null, null);
INSERT INTO `meta` VALUES ('115', '115', 'Lefi Chesna', null, null, '2018-08-01', '123', 'alamat cece', null, null, null, '', null, null, '2018-08-01 11:08:29', null, null, null, '2', 'RSP-01082018-0001', '2019-08-01', '7a53cb61');
INSERT INTO `meta` VALUES ('116', '116', 'Lefi Beesafe', null, null, null, null, null, 'PT. Surabaya Autocomp', 'Diponegoro', '123', '', null, null, '2018-08-01 11:16:22', null, null, null, '5', 'RSO-01082018-0001', '2019-08-01', 'd41b32bd');
INSERT INTO `meta` VALUES ('118', '118', 'Lefi Lolin', '1234', 'Surabaya', '1971-05-01', '123456', 'Demak', null, null, null, '88', '123', 'Lefi', '2018-08-15 08:36:00', null, 'Palapa Toserba', 'http://talia-swalayan.com', '2', 'RSP-15082018-0001', '2019-08-15', '6e33a1b4');

-- ----------------------------
-- Table structure for newsletter_subscriber
-- ----------------------------
DROP TABLE IF EXISTS `newsletter_subscriber`;
CREATE TABLE `newsletter_subscriber` (
  `id` int(10) unsigned NOT NULL AUTO_INCREMENT,
  `email_subscriber` varchar(255) DEFAULT NULL,
  `kode_aktivasi` varchar(255) DEFAULT NULL,
  `is_member` int(11) DEFAULT NULL,
  `is_active` int(11) DEFAULT NULL,
  PRIMARY KEY (`id`)
) ENGINE=InnoDB AUTO_INCREMENT=2 DEFAULT CHARSET=utf8;

-- ----------------------------
-- Records of newsletter_subscriber
-- ----------------------------
INSERT INTO `newsletter_subscriber` VALUES ('1', 'aa@aa.aa', null, null, null);

-- ----------------------------
-- Table structure for paket_reseller
-- ----------------------------
DROP TABLE IF EXISTS `paket_reseller`;
CREATE TABLE `paket_reseller` (
  `id` int(10) unsigned NOT NULL AUTO_INCREMENT,
  `group_id` mediumint(8) unsigned DEFAULT NULL,
  `nama_paket` varchar(255) DEFAULT NULL,
  `produk_list` varchar(255) DEFAULT NULL,
  `jumlah_list` varchar(255) DEFAULT NULL,
  `berat` int(11) DEFAULT NULL,
  `harga_paket` int(11) DEFAULT NULL,
  `keterangan_paket` varchar(255) DEFAULT NULL,
  PRIMARY KEY (`id`),
  KEY `paket_reseller_ibfk_1` (`group_id`),
  CONSTRAINT `paket_reseller_ibfk_1` FOREIGN KEY (`group_id`) REFERENCES `groups` (`id`) ON UPDATE CASCADE
) ENGINE=InnoDB AUTO_INCREMENT=6 DEFAULT CHARSET=utf8;

-- ----------------------------
-- Records of paket_reseller
-- ----------------------------
INSERT INTO `paket_reseller` VALUES ('2', '3', 'PAKET A', 'a:6:{i:0;s:1:\"1\";i:1;s:1:\"2\";i:2;s:1:\"3\";i:3;s:1:\"4\";i:4;s:1:\"8\";i:5;s:1:\"9\";}', 'a:11:{i:0;s:1:\"1\";i:1;s:1:\"2\";i:2;s:1:\"1\";i:3;s:1:\"4\";i:4;s:0:\"\";i:5;s:0:\"\";i:6;s:0:\"\";i:7;s:1:\"5\";i:8;s:1:\"6\";i:9;s:0:\"\";i:10;s:0:\"\";}', '1', '75000', 'total 6 produk');
INSERT INTO `paket_reseller` VALUES ('3', '3', 'PAKET B', 'a:6:{i:0;s:1:\"2\";i:1;s:1:\"5\";i:2;s:1:\"7\";i:3;s:1:\"8\";i:4;s:1:\"9\";i:5;s:2:\"10\";}', 'a:11:{i:0;s:0:\"\";i:1;s:0:\"\";i:2;s:0:\"\";i:3;s:0:\"\";i:4;s:0:\"\";i:5;s:0:\"\";i:6;s:0:\"\";i:7;s:0:\"\";i:8;s:0:\"\";i:9;s:0:\"\";i:10;s:0:\"\";}', '1', '75000', 'total 6 produk');
INSERT INTO `paket_reseller` VALUES ('4', '4', 'PAKET A', 'a:6:{i:0;s:1:\"1\";i:1;s:1:\"3\";i:2;s:1:\"4\";i:3;s:1:\"5\";i:4;s:1:\"8\";i:5;s:1:\"9\";}', 'a:11:{i:0;s:1:\"6\";i:1;s:0:\"\";i:2;s:1:\"6\";i:3;s:1:\"6\";i:4;s:1:\"6\";i:5;s:0:\"\";i:6;s:0:\"\";i:7;s:1:\"6\";i:8;s:1:\"6\";i:9;s:0:\"\";i:10;s:0:\"\";}', '7', '500000', 'total 36 produk');
INSERT INTO `paket_reseller` VALUES ('5', '4', 'PAKET B', 'a:6:{i:0;s:1:\"2\";i:1;s:1:\"5\";i:2;s:1:\"7\";i:3;s:1:\"8\";i:4;s:1:\"9\";i:5;s:2:\"10\";}', 'a:11:{i:0;s:0:\"\";i:1;s:1:\"6\";i:2;s:0:\"\";i:3;s:0:\"\";i:4;s:1:\"6\";i:5;s:0:\"\";i:6;s:1:\"6\";i:7;s:1:\"6\";i:8;s:1:\"6\";i:9;s:1:\"6\";i:10;s:0:\"\";}', '6', '500000', 'total 36 produk');

-- ----------------------------
-- Table structure for pengaturan
-- ----------------------------
DROP TABLE IF EXISTS `pengaturan`;
CREATE TABLE `pengaturan` (
  `pengaturanTahun` year(4) DEFAULT NULL,
  `pengaturanOwnerName` varchar(100) DEFAULT NULL,
  `pengaturanCompanyName` varchar(100) DEFAULT NULL,
  `pengaturanEmail` varchar(255) DEFAULT NULL
) ENGINE=InnoDB DEFAULT CHARSET=utf8;

-- ----------------------------
-- Records of pengaturan
-- ----------------------------
INSERT INTO `pengaturan` VALUES ('2018', 'Lolin', 'Lolin Kids Care Product', '0');

-- ----------------------------
-- Table structure for pertanyaan
-- ----------------------------
DROP TABLE IF EXISTS `pertanyaan`;
CREATE TABLE `pertanyaan` (
  `id` int(10) unsigned NOT NULL AUTO_INCREMENT,
  `nama` varchar(255) NOT NULL,
  `email` varchar(255) NOT NULL,
  `telepon` varchar(255) DEFAULT NULL,
  `isi_pertanyaan` varchar(255) DEFAULT NULL,
  `waktu` varchar(255) DEFAULT NULL,
  `token` varchar(255) DEFAULT NULL,
  PRIMARY KEY (`id`)
) ENGINE=InnoDB AUTO_INCREMENT=2 DEFAULT CHARSET=utf8;

-- ----------------------------
-- Records of pertanyaan
-- ----------------------------

-- ----------------------------
-- Table structure for poin
-- ----------------------------
DROP TABLE IF EXISTS `poin`;
CREATE TABLE `poin` (
  `poinId` int(11) NOT NULL AUTO_INCREMENT,
  `prodsId` int(11) NOT NULL,
  `group_id` mediumint(8) unsigned DEFAULT NULL,
  `poinNilai` float NOT NULL,
  PRIMARY KEY (`poinId`),
  KEY `poin_ibfk_1` (`prodsId`),
  KEY `poin_ibfk_2` (`group_id`),
  CONSTRAINT `poin_ibfk_1` FOREIGN KEY (`prodsId`) REFERENCES `product` (`prodsId`) ON UPDATE CASCADE,
  CONSTRAINT `poin_ibfk_2` FOREIGN KEY (`group_id`) REFERENCES `groups` (`id`) ON UPDATE CASCADE
) ENGINE=InnoDB AUTO_INCREMENT=101 DEFAULT CHARSET=utf8;

-- ----------------------------
-- Records of poin
-- ----------------------------
INSERT INTO `poin` VALUES ('79', '1', '3', '2');
INSERT INTO `poin` VALUES ('80', '1', '4', '2');
INSERT INTO `poin` VALUES ('81', '2', '3', '2');
INSERT INTO `poin` VALUES ('82', '2', '4', '2');
INSERT INTO `poin` VALUES ('83', '3', '3', '2');
INSERT INTO `poin` VALUES ('84', '3', '4', '2');
INSERT INTO `poin` VALUES ('85', '4', '3', '1');
INSERT INTO `poin` VALUES ('86', '4', '4', '1');
INSERT INTO `poin` VALUES ('87', '5', '3', '2');
INSERT INTO `poin` VALUES ('88', '5', '4', '2');
INSERT INTO `poin` VALUES ('89', '6', '3', '2.5');
INSERT INTO `poin` VALUES ('90', '6', '4', '2.5');
INSERT INTO `poin` VALUES ('91', '7', '3', '1.5');
INSERT INTO `poin` VALUES ('92', '7', '4', '1');
INSERT INTO `poin` VALUES ('93', '8', '3', '1');
INSERT INTO `poin` VALUES ('94', '8', '4', '1');
INSERT INTO `poin` VALUES ('95', '9', '3', '1');
INSERT INTO `poin` VALUES ('96', '9', '4', '1');
INSERT INTO `poin` VALUES ('97', '10', '3', '2.5');
INSERT INTO `poin` VALUES ('98', '10', '4', '2.5');

-- ----------------------------
-- Table structure for product
-- ----------------------------
DROP TABLE IF EXISTS `product`;
CREATE TABLE `product` (
  `prodsId` int(11) NOT NULL AUTO_INCREMENT,
  `catprodsId` int(11) NOT NULL,
  `prodsKode` varchar(15) NOT NULL,
  `prodsName` varchar(255) NOT NULL,
  `prodsSlug` varchar(255) NOT NULL,
  `prodsFrontPic` varchar(255) NOT NULL,
  `prodsFrontPicCaption` varchar(255) NOT NULL,
  `prodsBackPic` varchar(255) NOT NULL,
  `prodsBackPicCaption` varchar(255) NOT NULL,
  `prodsBasePic` varchar(255) NOT NULL,
  `prodsBasePicCaption` varchar(255) NOT NULL,
  `prodsNetto` int(11) NOT NULL,
  `prodsWeight` int(11) DEFAULT NULL,
  `prodsPrice` int(11) NOT NULL,
  `prodsDesc` text NOT NULL,
  `prodsDirections` text DEFAULT NULL,
  `prodsIngredients` text DEFAULT NULL,
  `prodsKeyword` varchar(255) NOT NULL,
  `nomor_bpom` text DEFAULT NULL,
  `stock` int(11) DEFAULT NULL,
  `prodsAddedDate` datetime NOT NULL,
  `prodsUpdateDate` datetime NOT NULL,
  `prodsViewed` int(11) NOT NULL,
  `prodsShow` varchar(5) NOT NULL,
  `prodsSort` int(11) NOT NULL,
  `merchant` text DEFAULT NULL,
  `admin_id` varchar(100) NOT NULL,
  PRIMARY KEY (`prodsId`),
  KEY `catprodsId` (`catprodsId`),
  KEY `product_ibfk_2` (`admin_id`),
  CONSTRAINT `product_ibfk_1` FOREIGN KEY (`catprodsId`) REFERENCES `product_cat` (`catprodsId`) ON UPDATE CASCADE
) ENGINE=InnoDB AUTO_INCREMENT=14 DEFAULT CHARSET=utf8;

-- ----------------------------
-- Records of product
-- ----------------------------
INSERT INTO `product` VALUES ('1', '4', 'GS-200', 'LOLIN Kids Shampoo Grape 200ml', 'lolin-kids-shampoo-grape-200ml', 'LOLIN_Kids_Shampoo_Grape_200ml_1530363273.jpg', 'LOLIN Kids Shampoo Grape 200ml', 'LOLIN_Kids_Shampoo_Grape_200ml_1530363273.jpg', 'LOLIN Kids Shampoo Grape 200ml', 'LOLIN_Kids_Shampoo_Grape_200ml_1530363273.jpg', 'LOLIN Kids Shampoo Grape 200ml', '200', '250', '24000', '<p>Kandungan provitamin B5 yang dapat menutrisi rambut & kulit kepala serta me-nyuburkan rambut, menjaga kelembutan rambut, dan menghilangkan bau tak sedap sehingga cocok untuk anak yang aktif.</p>\r\n\r\n<ul>\r\n <li>Diformulasikan untuk anak-anak</li>\r\n <li>Terdaftar BPOM</li>\r\n <li>Free Paraben</li>\r\n <li>No Allergian</li>\r\n <li>No Sodium Chloride</li>\r\n <li>No Silicon</li>\r\n <li>Aroma French Grape dari Prancis</li>\r\n</ul>', '<ol>\r\n <li>Basahi rambut</li>\r\n <li>Tuangkan shampoo Lolin secukupnya di telapak tangan</li>\r\n <li>Lalu usapkan pada rambut yang basah dan gosok</li>\r\n <li>Setalah merata bilas dengan air hingga bersih</li>\r\n</ol>\r\n', '<p>Aquadest, Sodium Laureth Sulfate, Cocamidopropyl Betain, Glycerin, Cocamide DEA, PEG 150 Distearate, Glycol Stearate, Aloe Barbadensis Extract, D-Panthenol, Fra-grance, Phenoxyethanol, Citric Acid, CI 16255, CI 14720, CI 18050, CI 42090.</p>\r\n', 'LOLIN Kids Shampoo Grape 200ml', '<p><a href=\"http://cekbpom.pom.go.id/index.php/home/produk/t01pirarm9tf2pis47pgai1ei7/all/row/10/page/1/order/4/DESC/search/0/NA18151000485\">http://cekbpom.pom.go.id/index.php/home/produk/t01pirarm9tf2pis47pgai1ei7/all/row/10/page/1/order/4/DESC/search/0/NA18151000485</a></p>\r\n', null, '2018-06-30 19:54:33', '2018-08-13 12:39:43', '0', '1', '1', 'a:3:{i:0;s:2:\"11\";i:1;s:2:\"12\";i:2;s:2:\"13\";}', '16');
INSERT INTO `product` VALUES ('2', '6', 'GBL-200', 'LOLIN Kids Body Lotion GRAPE 200ml', 'lolin-kids-body-lotion-grape-200ml', 'LOLIN_Kids_Body_Lotion_GRAPE_200ml_1530363568.jpg', 'LOLIN Kids Body Lotion GRAPE 200ml', 'LOLIN_Kids_Body_Lotion_GRAPE_200ml_1530363568.jpg', 'LOLIN Kids Body Lotion GRAPE 200ml', 'LOLIN_Kids_Body_Lotion_GRAPE_200ml_1530363568.jpg', 'LOLIN Kids Body Lotion GRAPE 200ml', '200', '250', '24000', '<p>Mengandung shea butter yang melembabkan kulit anak, jojoba oil mencerahkan dan melindungi kulit anak serta aroma segar dan alami anggur dari Perancis.</p>\r\n\r\n<ul>\r\n <li>Diformulasikan untuk anak-anak</li>\r\n <li>Terdaftar BPOM</li>\r\n <li>Free Paraben</li>\r\n <li>No Allergian</li>\r\n <li>No Sodium Chloride</li>\r\n <li>No Silicon</li>\r\n <li>Aroma French Grape dari Prancis</li>\r\n</ul>', '<ol>\r\n <li>Tuangkan secukupnya di telapak tangan</li>\r\n <li>Lalu usapkan lotion pada kulit hingga merata</li>\r\n <li>Gunakan setiap hari untuk kulit lembut</li>\r\n</ol>\r\n', '<p>Aquadest, Glyceryl Stearate, Isopropyl Myristate, Shea Butter, Mineral Oil, Stearic Acid, Cetyl Alcohol, Triethanolamine, Phanoxyethanol, Jojoba Oil, Fragrance</p>\r\n', 'LOLIN Kids Body Lotion GRAPE 200ml', '<p><a href=\"http://cekbpom.pom.go.id/index.php/home/produk/t01pirarm9tf2pis47pgai1ei7/all/row/10/page/1/order/4/DESC/search/0/NA18150100704\">http://cekbpom.pom.go.id/index.php/home/produk/t01pirarm9tf2pis47pgai1ei7/all/row/10/page/1/order/4/DESC/search/0/NA18150100704</a></p>\r\n', null, '2018-06-30 19:58:45', '2018-08-13 12:40:40', '0', '1', '2', 'a:3:{i:0;s:2:\"11\";i:1;s:2:\"12\";i:2;s:2:\"13\";}', '16');
INSERT INTO `product` VALUES ('3', '5', 'GC-200', 'LOLIN Kids Conditioner Grape 200ml', 'lolin-kids-conditioner-grape-200ml', 'LOLIN_Kids_Conditioner_Grape_200ml_1530363759.jpg', 'LOLIN Kids Conditioner Grape 200ml', 'LOLIN_Kids_Conditioner_Grape_200ml_1530363759.jpg', 'LOLIN Kids Conditioner Grape 200ml', 'LOLIN_Kids_Conditioner_Grape_200ml_1530363759.jpg', 'LOLIN Kids Conditioner Grape 200ml', '200', '250', '24000', '<p>Melindungi rambut dari kotoran & debu, menutrisikan rambut, dan kulit kepala, memiliki formula khusus detangler (anti kusut) sehingga rambut menjadi lembut dan mudah ditata.</p>\r\n\r\n<ul>\r\n <li>Diformulasikan untuk anak-anak</li>\r\n <li>Terdaftar BPOM</li>\r\n <li>Detangler (anti Kusut)</li>\r\n <li>Free Paraben</li>\r\n <li>No Allergian</li>\r\n <li>No Sodium Chloride</li>\r\n <li>No Silicon</li>\r\n <li>Arom French Grape dari Prancis</li>\r\n</ul>', '<ol>\r\n <li>Setelah keramas dengan shampoo, bilas rambut sampai tidak ada busa yang tertinggal</li>\r\n <li>Gunakan Lolin Conditioner diamkan selama beberapa menit</li>\r\n <li>Kemudian bilas dengan air hingga bersih</li>\r\n</ol>\r\n', '<p>Aquadest, Glyceryl Stearate, Glycerin, Dimethicone, Cyclomethicone, Cetyl Alcohol, Cetearyl Alcohol, Ceteareth-20, Centrimonium Chloride, Fragrance, D-Panthenol, Phenoxythanol</p>\r\n', 'LOLIN Kids Conditioner Grape 200ml', '<p><a href=\"http://cekbpom.pom.go.id/index.php/home/produk/t01pirarm9tf2pis47pgai1ei7/all/row/10/page/1/order/4/DESC/search/0/NA18151000861\">http://cekbpom.pom.go.id/index.php/home/produk/t01pirarm9tf2pis47pgai1ei7/all/row/10/page/1/order/4/DESC/search/0/NA18151000861</a></p>\r\n', null, '2018-06-30 20:02:39', '2018-08-13 12:43:14', '0', '1', '3', 'a:3:{i:0;s:2:\"11\";i:1;s:2:\"12\";i:2;s:2:\"13\";}', '16');
INSERT INTO `product` VALUES ('4', '7', 'GFW-100', 'LOLIN Kids Facial Wash GRAPE 100ml', 'lolin-kids-facial-wash-grape-100ml', 'LOLIN_Kids_Facial_Wash_GRAPE_100ml_1530364334.jpg', 'LOLIN Kids Facial Wash GRAPE 100ml', 'LOLIN_Kids_Facial_Wash_GRAPE_100ml_1530364335.jpg', 'LOLIN Kids Facial Wash GRAPE 100ml', 'LOLIN_Kids_Facial_Wash_GRAPE_100ml_1530364335.jpg', 'LOLIN Kids Facial Wash GRAPE 100ml', '100', '145', '15000', '<p>Mengandung madu & aloe vera yang dapat menjaga kelembapan wajah anak, for-mula ringan cocok untuk wajah anak.</p>\r\n\r\n<ul>\r\n <li>Diformulasikan untuk anak-anak</li>\r\n <li>Terdaftar BPOM</li>\r\n <li>Free Paraben</li>\r\n <li>No Allergian</li>\r\n <li>No Sodium Chloride</li>\r\n <li>No Silicon</li>\r\n <li>Aroma French Grape dari Prancis</li>\r\n</ul>', '<ol>\r\n <li>Basahi wajah menggunakan air hangat / air dingin</li>\r\n <li>Tuangkan Lolin Facial Wash pada telapak tangan</li>\r\n <li>Usapkan Lolin Facial Wash yang telah dibasahi pada wajah</li>\r\n <li>Bilas hingga bersih dan keringkan dengan handuk bersih</li>\r\n</ol>\r\n', '<p>Aquadest, Sodium Laureth Sulfate, Cocamidopropyl Betain, Cocamide DEA, Glycerin, Sodium Lauroyl Sarcosinate, PEG-150 Distearate, Aloe Barbadedensis Extract, Hon-ey, Fragrance, Phenaxyethanol, Citric Acid, CI 14720, CI 42090.</p>\r\n', 'LOLIN Kids Facial Wash GRAPE 100ml', '<p><a href=\"http://cekbpom.pom.go.id/index.php/home/produk/t01pirarm9tf2pis47pgai1ei7/all/row/10/page/1/order/4/DESC/search/0/NA1851201775\">http://cekbpom.pom.go.id/index.php/home/produk/t01pirarm9tf2pis47pgai1ei7/all/row/10/page/1/order/4/DESC/search/0/NA1851201775</a></p>\r\n', null, '2018-06-30 20:12:15', '2018-08-13 12:43:39', '0', '1', '4', 'a:3:{i:0;s:2:\"11\";i:1;s:2:\"12\";i:2;s:2:\"13\";}', '16');
INSERT INTO `product` VALUES ('5', '8', 'GBW-200', 'LOLIN Kids Body Wash GRAPE 200ml', 'lolin-kids-body-wash-grape-200ml', 'LOLIN_Kids_Body_Wash_GRAPE_200ml_1530364513.jpg', 'LOLIN Kids Body Wash GRAPE 200ml', 'LOLIN_Kids_Body_Wash_GRAPE_200ml_1530364513.jpg', 'LOLIN Kids Body Wash GRAPE 200ml', 'LOLIN_Kids_Body_Wash_GRAPE_200ml_1530364513.jpg', 'LOLIN Kids Body Wash GRAPE 200ml', '200', '250', '24000', '<p>Mengandung tsubaki oil yang melembabkan kulit dan olive oil menutrisikan kulit anak, terbuat dari bahan natural organic yang aman untuk anak.</p>\r\n\r\n<ul>\r\n <li>Diformulasikan untuk anak-anak.</li>\r\n <li>Terdaftar BPOM</li>\r\n <li>Free Paraben</li>\r\n <li>No Allergian</li>\r\n <li>Aroma French Grape dari Prancis</li>\r\n</ul>', '<ol>\r\n <li>Basahi badan dengan air</li>\r\n <li>Tuangkan Lolin Body Wash secekupnya di telapak tangan</li>\r\n <li>Lalu usapkan sabun pada kulit</li>\r\n <li>Bilas hingga bersih</li>\r\n <li>Gunakan setiap hari untuk kulit sehat</li>\r\n</ol>\r\n', '<p>Aquadest, Sodium Laureth Ether Sulfate, Cocamidopropyl, Betaine Cocamide DEA, Perfume, Glycol Stearate, PEG 150-di Stearate, Sodium Chloride, Phenoxyethanol, Triethanolamine, Citric Acid, Tsubaki Oil, Olive Oil.</p>\r\n', 'LOLIN Kids Body Wash GRAPE 200ml', '<p><a href=\"http://cekbpom.pom.go.id/index.php/home/produk/t01pirarm9tf2pis47pgai1ei7/all/row/10/page/1/order/4/DESC/search/0/NA18170700895\">http://cekbpom.pom.go.id/index.php/home/produk/t01pirarm9tf2pis47pgai1ei7/all/row/10/page/1/order/4/DESC/search/0/NA18170700895</a></p>\r\n', null, '2018-06-30 20:15:13', '2018-08-13 12:44:08', '0', '1', '5', 'a:3:{i:0;s:2:\"11\";i:1;s:2:\"12\";i:2;s:2:\"13\";}', '16');
INSERT INTO `product` VALUES ('6', '10', '3IN1-250', 'LOLIN Kids 3 in 1 OUTER SPACE 250ml', 'lolin-kids-3-in-1-outer-space-250ml', 'LOLIN_Kids_3_in_1_OUTER_SPACE_250ml_1530364774.jpg', 'LOLIN Kids 3 in 1 OUTER SPACE 250ml', 'LOLIN_Kids_3_in_1_OUTER_SPACE_250ml_1530364774.jpg', 'LOLIN Kids 3 in 1 OUTER SPACE 250ml', 'LOLIN_Kids_3_in_1_OUTER_SPACE_250ml_1530364774.jpg', 'LOLIN Kids 3 in 1 OUTER SPACE 250ml', '250', '305', '30000', '<p>Mengandung aloe vera menyuburkan rambut, outer space aroma segar tahan lama dan praktis bisa dipergunakan untuk shampoo conditioner & body wash. Aroma yang unik dapat menghilangn bau tak sedap.</p>\r\n\r\n<ul>\r\n <li>Diformulasikan untuk anak-anak</li>\r\n <li>Terdaftar BPOM</li>\r\n <li>Free Paraben</li>\r\n <li>No Allergian</li>\r\n <li>Aroma Outer Space</li>\r\n</ul>', '<ol>\r\n <li>Tuangkan Lolin 3 in 1 secukupnya di telapak tangan</li>\r\n <li>Lalu Usapkan pada bagian badan atau rambut</li>\r\n <li>Kemudian bilas hingga bersih</li>\r\n</ol>\r\n', '<p>Aquadest, Sodium Laury Ether Sulfat, Glycerin, Cocomide DEA, Cetrimonium Chi-oride, PEG-150 Distearate, Parfume, Phenoxyethanol, Triethanoiamine, Extract Al-oevera, Citric Acid.</p>\r\n', 'LOLIN Kids 3 in 1 OUTER SPACE 250ml', '<p><a href=\"http://cekbpom.pom.go.id/index.php/home/produk/t01pirarm9tf2pis47pgai1ei7/all/row/10/page/1/order/4/DESC/search/0/NA18170700364\">http://cekbpom.pom.go.id/index.php/home/produk/t01pirarm9tf2pis47pgai1ei7/all/row/10/page/1/order/4/DESC/search/0/NA18170700364</a></p>\r\n', null, '2018-06-30 20:19:34', '2018-08-13 12:44:41', '0', '1', '6', 'a:3:{i:0;s:2:\"11\";i:1;s:2:\"12\";i:2;s:2:\"13\";}', '16');
INSERT INTO `product` VALUES ('7', '10', '3IN1-100', 'LOLIN Kids 3 in 1 OUTER SPACE 100ml', 'lolin-kids-3-in-1-outer-space-100ml', 'LOLIN_Kids_3_in_1_OUTER_SPACE_100ml_1530364919.jpg', 'LOLIN Kids 3 in 1 OUTER SPACE 100ml', 'LOLIN_Kids_3_in_1_OUTER_SPACE_100ml_1530364919.jpg', 'LOLIN Kids 3 in 1 OUTER SPACE 100ml', 'LOLIN_Kids_3_in_1_OUTER_SPACE_100ml_1530364919.jpg', 'LOLIN Kids 3 in 1 OUTER SPACE 100ml', '100', '145', '20000', '<p>Mengandung aloe vera menyuburkan rambut, outer space aroma segar tahan lama dan praktis bisa dipergunakan untuk shampoo conditioner & body wash. Aroma yang unik dapat menghilangn bau tak sedap.</p>\r\n\r\n<ul>\r\n <li>Diformulasikan untuk anak-anak</li>\r\n <li>Free Paraben</li>\r\n <li>No Allergian</li>\r\n <li>Aroma Outer Space</li>\r\n</ul>', '<ol>\r\n <li>Tuangkan Lolin 3 in 1 secukupnya di telapak tangan</li>\r\n <li>Lalu Usapkan pada bagian badan atau rambut</li>\r\n <li>Kemudian bilas hingga bersih</li>\r\n</ol>\r\n', '<p>Aquadest, Sodium Laury Ether Sulfat, Glycerin, Cocomide DEA, Cetrimonium Chi-oride, PEG-150 Distearate, Parfume, Phenoxyethanol, Triethanoiamine, Extract Al-oevera, Citric Acid.</p>\r\n', 'LOLIN Kids 3 in 1 OUTER SPACE 100ml', '<p><a href=\"http://cekbpom.pom.go.id/index.php/home/produk/t01pirarm9tf2pis47pgai1ei7/all/row/10/page/1/order/4/DESC/search/0/NA18170700364\">http://cekbpom.pom.go.id/index.php/home/produk/t01pirarm9tf2pis47pgai1ei7/all/row/10/page/1/order/4/DESC/search/0/NA18170700364</a></p>\r\n', null, '2018-06-30 20:21:59', '2018-08-13 12:45:02', '0', '1', '7', 'a:3:{i:0;s:2:\"11\";i:1;s:2:\"12\";i:2;s:2:\"13\";}', '16');
INSERT INTO `product` VALUES ('8', '4', 'HS-100', 'LOLIN Kids Shampoo Hijab 100ml', 'lolin-kids-shampoo-hijab-100ml', 'LOLIN_Kids_Shampoo_Hijab_100ml_1530365063.jpg', 'LOLIN Kids Shampoo Hijab 100ml', 'LOLIN_Kids_Shampoo_Hijab_100ml_1530365063.jpg', 'LOLIN Kids Shampoo Hijab 100ml', 'LOLIN_Kids_Shampoo_Hijab_100ml_1530365063.jpg', 'LOLIN Kids Shampoo Hijab 100ml', '100', '145', '12000', '<p>Aroma luxury floral & Olive Oil yang dapat menetralkan bau tidak sedap dan merawat kelembaban pada kulit kepala, serta cooling mint yang dapat memberikan sensasi dingin dan segar.</p>\r\n\r\n<ul>\r\n <li>Diformulasikan untuk anak-anak</li>\r\n <li>Free Paraben</li>\r\n <li>Conditioning Agent</li>\r\n <li>Mild SLS</li>\r\n <li>Menthol</li>\r\n <li>Aroma Luxury Floral</li>\r\n</ul>', '<ol>\r\n <li>Bilas rambut dengan air hangat / air dingin</li>\r\n <li>Tuangkan Lolin Hijab Shampoo di telapak tangan hingga berbusa</li>\r\n <li>Diamkan beberapa menit agar rambut merasakan sensasi dingin</li>\r\n <li>Kemudian bilas hingga bersih</li>\r\n</ol>\r\n', '<p>Aqua, Sodium Laureth Sulphate, Cocamidopropyl Betaine, Glycerine, Cocamide DEA, Cetrimonium Chloride, Fragrance, Olive Oil PEG-7 Esters, Sodium Benzoate, Men-thol, Citric Acid, CI 42053, CI 42090, Sodium Chloride</p>\r\n', 'LOLIN Kids Shampoo Hijab 100ml', '<p><a href=\"http://cekbpom.pom.go.id/index.php/home/produk/t01pirarm9tf2pis47pgai1ei7/all/row/10/page/0/order/4/DESC/search/0/NA18161002383\">http://cekbpom.pom.go.id/index.php/home/produk/t01pirarm9tf2pis47pgai1ei7/all/row/10/page/0/order/4/DESC/search/0/NA18161002383</a></p>\r\n', null, '2018-06-30 20:24:24', '2018-08-13 12:45:22', '0', '1', '8', 'a:3:{i:0;s:2:\"11\";i:1;s:2:\"12\";i:2;s:2:\"13\";}', '16');
INSERT INTO `product` VALUES ('9', '8', 'HBW-100', 'LOLIN Kids Body Wash Hijab 100ml', 'lolin-kids-body-wash-hijab-100ml', 'LOLIN_Kids_Body_Wash_100ml_1530365188.jpg', 'LOLIN Kids Body Wash 100ml', 'LOLIN_Kids_Body_Wash_100ml_1530365188.jpg', 'LOLIN Kids Body Wash 100ml', 'LOLIN_Kids_Body_Wash_100ml_1530365188.jpg', 'LOLIN Kids Body Wash 100ml', '100', '145', '9500', '<p>Aroma luxury floral & Olive Oil yang dapat merawat kelembaban kulit anak, serta cooling mint yang dapat memberikan sensasi dingin dan tubuh menjadi segar.</p>\r\n\r\n<ul>\r\n <li>Diformulasikan untuk anak-anak</li>\r\n <li>Free Paraben</li>\r\n <li>Mosturizer Agent</li>\r\n <li>Mild SLS</li>\r\n <li>Menthol</li>\r\n <li>Aroma Luxury Floral</li>\r\n</ul>', '<ol>\r\n <li>Tuangkan Lolin Hijab Body Wash di telapak tangan hingga berbusa</li>\r\n <li>Lalu usapkan di bagian tubuh</li>\r\n <li>Kemudian bilas hingga bersih</li>\r\n</ol>\r\n', '<p>Aqua, Sodium Laureth Sulphate, Cocamidopropyl Betaine, Glycerine, Cocamide DEA, Olive Oil PEG-7 Esters, Sodium Chloride, Menthol, Fragrance, Sodium Benzoate, CI 42053, CI 42090.</p>\r\n', 'LOLIN Kids Body Wash 100ml', '<p><a href=\"http://cekbpom.pom.go.id/index.php/home/produk/t01pirarm9tf2pis47pgai1ei7/all/row/10/page/1/order/4/DESC/search/0/NA18160701578\">http://cekbpom.pom.go.id/index.php/home/produk/t01pirarm9tf2pis47pgai1ei7/all/row/10/page/1/order/4/DESC/search/0/NA18160701578</a></p>\r\n', null, '2018-06-30 20:26:29', '2018-08-13 12:45:45', '0', '1', '9', 'a:3:{i:0;s:2:\"11\";i:1;s:2:\"12\";i:2;s:2:\"13\";}', '16');
INSERT INTO `product` VALUES ('10', '9', 'FS-60', 'LOLIN Kids Foot Spray 60ml', 'lolin-kids-foot-spray-60ml', 'LOLIN_Kids_Foot_Spray_60ml_1530365339.jpg', 'LOLIN Kids Foot Spray 60ml', 'LOLIN_Kids_Foot_Spray_60ml_1530365339.jpg', 'LOLIN Kids Foot Spray 60ml', 'LOLIN_Kids_Foot_Spray_60ml_1530365339.jpg', 'LOLIN Kids Foot Spray 60ml', '60', '90', '20000', '<p>Mencegah bakteri penyebab bau kaki tak sedap dan menjaga kebersihan kaki dari kuman</p>\r\n\r\n<ul>\r\n <li>Diformulasikan untuk anak-anak.</li>\r\n <li>Terdaftar BPOM</li>\r\n <li>Free Paraben</li>\r\n <li>No Allergian</li>\r\n <li>Aroma Chamomile dari Prancis</li>\r\n</ul>', '<p>Bersihkan terlebih dahulu telapak dan jari kaki anak lalu semprotkan Lolin Foot Spray secukupnya.</p>\r\n', '<p>Ethanol, Propylene glycol, Fragrance</p>\r\n', 'LOLIN Kids Foot Spray 60ml', '<p><a href=\"http://cekbpom.pom.go.id/index.php/home/produk/t01pirarm9tf2pis47pgai1ei7/all/row/10/page/1/order/4/DESC/search/0/NA18170101759\">http://cekbpom.pom.go.id/index.php/home/produk/t01pirarm9tf2pis47pgai1ei7/all/row/10/page/1/order/4/DESC/search/0/NA18170101759</a></p>\r\n', null, '2018-06-30 20:28:59', '2018-08-13 12:46:09', '0', '1', '10', 'a:3:{i:0;s:2:\"11\";i:1;s:2:\"12\";i:2;s:2:\"13\";}', '16');

-- ----------------------------
-- Table structure for product_cat
-- ----------------------------
DROP TABLE IF EXISTS `product_cat`;
CREATE TABLE `product_cat` (
  `catprodsId` int(11) NOT NULL AUTO_INCREMENT,
  `catprodsName` varchar(255) NOT NULL,
  `catprodsSlug` varchar(255) NOT NULL,
  `catprodsNavbarPicture` varchar(255) DEFAULT NULL,
  `catprodsShow` varchar(10) NOT NULL,
  `catprodsSort` int(11) NOT NULL,
  PRIMARY KEY (`catprodsId`)
) ENGINE=InnoDB AUTO_INCREMENT=12 DEFAULT CHARSET=utf8;

-- ----------------------------
-- Records of product_cat
-- ----------------------------
INSERT INTO `product_cat` VALUES ('4', 'Shampo', 'shampo', 'Shampo_1527586173.jpg', 'y', '1');
INSERT INTO `product_cat` VALUES ('5', 'Conditioner', 'conditioner', 'Conditioner_1527586215.jpg', 'y', '2');
INSERT INTO `product_cat` VALUES ('6', 'Body Lotion', 'body-lotion', 'Body_Lotion_1527586235.jpg', 'y', '3');
INSERT INTO `product_cat` VALUES ('7', 'Facial Wash', 'facial-wash', 'Facial_Wash_1527586261.jpg', 'y', '4');
INSERT INTO `product_cat` VALUES ('8', 'Body Wash', 'body-wash', 'Body_Wash_1527586278.jpg', 'y', '5');
INSERT INTO `product_cat` VALUES ('9', 'Foot Spray', 'foot-spray', 'Foot_Spray_1527586298.jpg', 'y', '6');
INSERT INTO `product_cat` VALUES ('10', '3 In 1', '3-in-1', '3_In_1_1527586315.jpg', 'y', '7');
INSERT INTO `product_cat` VALUES ('11', 'Cologne', 'cologne', 'Cologne_1527590620.jpg', 'y', '8');

-- ----------------------------
-- Table structure for product_directions
-- ----------------------------
DROP TABLE IF EXISTS `product_directions`;
CREATE TABLE `product_directions` (
  `prodsId` int(11) NOT NULL,
  `directDirect` text NOT NULL,
  KEY `prodsId` (`prodsId`)
) ENGINE=InnoDB DEFAULT CHARSET=utf8;

-- ----------------------------
-- Records of product_directions
-- ----------------------------
INSERT INTO `product_directions` VALUES ('1', '');
INSERT INTO `product_directions` VALUES ('2', '');
INSERT INTO `product_directions` VALUES ('3', '');
INSERT INTO `product_directions` VALUES ('4', '');
INSERT INTO `product_directions` VALUES ('5', '');
INSERT INTO `product_directions` VALUES ('6', '');
INSERT INTO `product_directions` VALUES ('7', '');
INSERT INTO `product_directions` VALUES ('8', '');
INSERT INTO `product_directions` VALUES ('9', '');
INSERT INTO `product_directions` VALUES ('10', '');

-- ----------------------------
-- Table structure for product_ingredients
-- ----------------------------
DROP TABLE IF EXISTS `product_ingredients`;
CREATE TABLE `product_ingredients` (
  `prodsId` int(11) NOT NULL,
  `ingredValue` text NOT NULL,
  KEY `prodsId` (`prodsId`)
) ENGINE=InnoDB DEFAULT CHARSET=utf8;

-- ----------------------------
-- Records of product_ingredients
-- ----------------------------
INSERT INTO `product_ingredients` VALUES ('1', '');
INSERT INTO `product_ingredients` VALUES ('2', '');
INSERT INTO `product_ingredients` VALUES ('3', '');
INSERT INTO `product_ingredients` VALUES ('4', '');
INSERT INTO `product_ingredients` VALUES ('5', '');
INSERT INTO `product_ingredients` VALUES ('6', '');
INSERT INTO `product_ingredients` VALUES ('7', '');
INSERT INTO `product_ingredients` VALUES ('8', '');
INSERT INTO `product_ingredients` VALUES ('9', '');
INSERT INTO `product_ingredients` VALUES ('10', '');

-- ----------------------------
-- Table structure for purchase_order
-- ----------------------------
DROP TABLE IF EXISTS `purchase_order`;
CREATE TABLE `purchase_order` (
  `order_id` int(11) unsigned NOT NULL AUTO_INCREMENT,
  `reseller_id` mediumint(8) unsigned NOT NULL,
  `order_code` varchar(255) DEFAULT NULL,
  `produk_id` int(11) DEFAULT NULL,
  `order_quantity` int(11) DEFAULT NULL,
  `order_unit_price` decimal(10,0) DEFAULT NULL,
  `order_date_temporary` datetime DEFAULT NULL,
  `order_date` datetime DEFAULT NULL,
  `order_status` varchar(255) DEFAULT NULL,
  `diskon_id` int(11) DEFAULT NULL,
  `experied_poin_period` date DEFAULT NULL,
  `status_konfirmasi` varchar(255) DEFAULT NULL,
  `konfirmasi_email` text DEFAULT NULL,
  `harga_pembelian_produk` int(11) DEFAULT NULL,
  `biaya_pengiriman` int(11) DEFAULT NULL,
  `konfirmasi_total_harga` varchar(255) DEFAULT '',
  `order_admin_id` int(11) DEFAULT NULL,
  PRIMARY KEY (`order_id`),
  KEY `order_ibfk_1` (`produk_id`),
  KEY `purchase_order_ibfk_2` (`reseller_id`),
  CONSTRAINT `purchase_order_ibfk_1` FOREIGN KEY (`produk_id`) REFERENCES `product` (`prodsId`) ON UPDATE CASCADE,
  CONSTRAINT `purchase_order_ibfk_2` FOREIGN KEY (`reseller_id`) REFERENCES `users` (`id`) ON UPDATE CASCADE
) ENGINE=InnoDB AUTO_INCREMENT=297 DEFAULT CHARSET=utf8;

-- ----------------------------
-- Records of purchase_order
-- ----------------------------

-- ----------------------------
-- Table structure for purchase_order_non_reseller
-- ----------------------------
DROP TABLE IF EXISTS `purchase_order_non_reseller`;
CREATE TABLE `purchase_order_non_reseller` (
  `id` int(10) unsigned NOT NULL AUTO_INCREMENT,
  `order_code_non_reseller` varchar(255) DEFAULT '',
  `nama_lengkap_order` varchar(255) DEFAULT '',
  `telepon_order` varchar(255) DEFAULT '',
  `email_order` varchar(255) DEFAULT '',
  `provinsi` varchar(255) DEFAULT NULL,
  `kota` varchar(255) DEFAULT NULL,
  `alamat_order` varchar(255) DEFAULT '',
  `kode_pos` varchar(255) DEFAULT NULL,
  `kurir` varchar(255) DEFAULT NULL,
  `layanan` varchar(255) DEFAULT NULL,
  `produk_id` text DEFAULT NULL,
  `quantity` text DEFAULT NULL,
  `subtotal_order` int(11) DEFAULT NULL,
  `berat_order` int(11) DEFAULT NULL,
  `ongkos_kirim` varchar(255) DEFAULT NULL,
  `total_order` varchar(255) DEFAULT NULL,
  `payment_method` varchar(255) DEFAULT NULL,
  `order_date` varchar(255) DEFAULT NULL,
  `order_date_experied` varchar(255) DEFAULT NULL,
  `status_konfirmasi` varchar(255) DEFAULT '' COMMENT '1 = sudah dikonfirmasi 0 = belum',
  `konfirmasi_email` varchar(255) DEFAULT '' COMMENT '1 = sudah 0 =belum',
  `is_temporary_order` int(11) DEFAULT NULL COMMENT '1 = temporary 0 =tidak',
  PRIMARY KEY (`id`)
) ENGINE=InnoDB AUTO_INCREMENT=36 DEFAULT CHARSET=utf8;

-- ----------------------------
-- Records of purchase_order_non_reseller
-- ----------------------------
INSERT INTO `purchase_order_non_reseller` VALUES ('7', 'ONR-09082018-0001', 'tea', '12345', 'tea@tea.cc', '18,Lampung', '496,Way Kanan', 'wey', '4577', 'jne', '39000,OKE(Ongkos Kirim Ekonomis)', 'a:2:{i:0;s:1:\"2\";i:1;s:1:\"3\";}', 'a:2:{i:0;d:1;i:1;d:1;}', '48000', '400', '39000', '87000', 'transfer_bca', '2018-08-09 10:16:32', '2018-08-10 10:16:31', '1', '1', '1');
INSERT INTO `purchase_order_non_reseller` VALUES ('8', 'ONR-09082018-0002', 'Reni', '1234', 'reni@abc.cc', '11,Jawa Timur', '409,Sidoarjo', 'Sidoarjo', '6532', 'pos', '5000,Paket Kilat Khusus(Paket Kilat Khusus)', 'a:2:{i:0;s:1:\"2\";i:1;s:1:\"7\";}', 'a:2:{i:0;d:1;i:1;d:1;}', '44000', '300', '5000', '49000', 'transfer_doku', '2018-08-09 10:27:36', '2018-08-10 10:27:36', '1', '1', '1');
INSERT INTO `purchase_order_non_reseller` VALUES ('9', 'ONR-09082018-0003', 'Dhea', '1234', 'dhea@gmail.coc', '11,Jawa Timur', '444,Surabaya', 'Sidotopo', '65332', 'pos', '5000,Paket Kilat Khusus(Paket Kilat Khusus)', 'a:2:{i:0;s:1:\"2\";i:1;s:1:\"7\";}', 'a:2:{i:0;d:1;i:1;d:1;}', '44000', '300', '5000', '49000', 'transfer_bca', '2018-08-09 10:56:24', '2018-08-10 10:56:24', '1', '1', '1');
INSERT INTO `purchase_order_non_reseller` VALUES ('10', 'ONR-09082018-0004', 'Vernanda', '785', 'vernanda@gmail.cc', '11,Jawa Timur', '487,Trenggalek', 'trenggalek', '23243', 'pos', '32000,Express Next Day Barang(Express Next Day Barang)', 'a:2:{i:0;s:1:\"6\";i:1;s:1:\"7\";}', 'a:2:{i:0;d:3;i:1;d:2;}', '130000', '950', '32000', '162000', 'transfer_finpay', '2018-08-09 11:32:24', '2018-08-10 11:32:24', '1', '1', '1');
INSERT INTO `purchase_order_non_reseller` VALUES ('11', 'ONR-09082018-0005', 'Cindy', '67864', 'cindy@gmail.comd', '17,Kepulauan Riau', '48,Batam', 'batam 234', '123', 'jne', '28000,REG(Layanan Reguler)', 'a:1:{i:0;s:1:\"9\";}', 'a:1:{i:0;d:1;}', '9500', '100', '28000', '37500', 'transfer_doku', '2018-08-09 11:35:15', '2018-08-10 11:35:15', '1', '1', '1');
INSERT INTO `purchase_order_non_reseller` VALUES ('12', 'ONR-10082018-0001', 'lefi andri', '1234', 'lefi.andri@chesna.co.id', '11,Jawa Timur', '248,Madiun', 'malang', '4577', 'pos', '30000,Express Next Day Barang(Express Next Day Barang)', 'a:1:{i:0;s:1:\"2\";}', 'a:1:{i:0;d:1;}', '24000', '200', '30000', '54000', 'transfer_doku', '2018-08-10 09:24:05', '2018-08-11 09:24:05', '1', '1', '1');
INSERT INTO `purchase_order_non_reseller` VALUES ('13', 'ONR-10082018-0002', 'Deny', '1234', 'den@ss.ff', '14,Kalimantan Tengah', '45,Barito Timur', 'alamat', '4577', 'pos', '38000,Paket Kilat Khusus(Paket Kilat Khusus)', 'a:2:{i:0;s:1:\"9\";i:1;s:1:\"8\";}', 'a:2:{i:0;d:1;i:1;d:1;}', '21500', '200', '38000', '59500', 'transfer_doku', '2018-08-10 09:27:54', '2018-08-11 09:27:54', '1', '1', '1');
INSERT INTO `purchase_order_non_reseller` VALUES ('14', 'ONR-10082018-0003', 'Zailani', '6788', 'zailani@gmail.cc', '1,Bali', '17,Badung', 'alamat', '4577', 'pos', '24000,Paket Kilat Khusus(Paket Kilat Khusus)', 'a:2:{i:0;s:1:\"5\";i:1;s:1:\"4\";}', 'a:2:{i:0;d:1;i:1;d:1;}', '39000', '300', '24000', '63000', 'transfer_bca', '2018-08-10 09:30:35', '2018-08-11 09:30:35', '1', '1', '1');
INSERT INTO `purchase_order_non_reseller` VALUES ('15', 'ONR-10082018-0004', null, null, null, null, null, null, null, null, null, 'a:0:{}', 'a:0:{}', null, null, null, null, 'transfer_bca', '2018-08-10 09:32:52', '2018-08-11 09:32:52', '1', '1', '1');
INSERT INTO `purchase_order_non_reseller` VALUES ('16', 'ONR-10082018-0005', null, null, null, null, null, null, null, null, null, 'a:0:{}', 'a:0:{}', null, null, null, null, 'transfer_bca', '2018-08-10 09:33:04', '2018-08-11 09:33:04', '1', '1', '1');
INSERT INTO `purchase_order_non_reseller` VALUES ('17', 'ONR-10082018-0006', 'Yanti', '123', 'yanti@gamail.cc', '7,Gorontalo', '77,Boalemo', 'tes', '4577', 'jne', '72000,OKE(Ongkos Kirim Ekonomis)', 'a:2:{i:0;s:1:\"2\";i:1;s:1:\"3\";}', 'a:2:{i:0;d:1;i:1;d:2;}', '72000', '600', '72000', '144000', 'transfer_doku', '2018-08-10 09:36:08', '2018-08-11 09:36:08', '1', '1', '1');
INSERT INTO `purchase_order_non_reseller` VALUES ('18', 'ONR-10082018-0007', 'Sindi', '456', 'sindy@gg.dd', '5,DI Yogyakarta', '135,Gunung Kidul', 'alamat', '4577', 'pos', '21000,Express Next Day Barang(Express Next Day Barang)', 'a:2:{i:0;s:1:\"6\";i:1;s:2:\"10\";}', 'a:2:{i:0;d:1;i:1;d:1;}', '50000', '310', '21000', '71000', 'transfer_bca', '2018-08-10 09:41:21', '2018-08-11 09:41:21', '1', '1', '1');
INSERT INTO `purchase_order_non_reseller` VALUES ('19', 'ONR-10082018-0008', 'Supri', '12345', 'lefi.andri@chesna.co.id', '10,Jawa Tengah', '344,Pati', 'pati 23', '452', 'pos', '18000,Paket Kilat Khusus(Paket Kilat Khusus)', 'a:2:{i:0;s:1:\"1\";i:1;s:1:\"4\";}', 'a:2:{i:0;d:1;i:1;d:1;}', '39000', '300', '18000', '57000', 'transfer_bca', '2018-08-10 10:09:57', '2018-08-11 10:09:57', '1', '1', '1');
INSERT INTO `purchase_order_non_reseller` VALUES ('20', 'ONR-10082018-0009', 'Supri', '12345', 'lefi.andri@chesna.co.id', '10,Jawa Tengah', '344,Pati', 'pati 23', '452', 'pos', '18000,Paket Kilat Khusus(Paket Kilat Khusus)', 'a:2:{i:0;s:1:\"1\";i:1;s:1:\"4\";}', 'a:2:{i:0;d:1;i:1;d:1;}', '39000', '300', '18000', '57000', 'transfer_bca', '2018-08-10 10:15:37', '2018-08-11 10:15:37', '1', '1', '1');
INSERT INTO `purchase_order_non_reseller` VALUES ('21', 'ONR-10082018-0010', 'Supri Husnianto', '12345', 'lefi.andri@chesna.co.id', '9,Jawa Barat', '34,Banjar', 'pati 23', '452', 'pos', '23000,Paket Kilat Khusus(Paket Kilat Khusus)', 'a:2:{i:0;s:1:\"4\";i:1;s:1:\"5\";}', 'a:2:{i:0;d:1;i:1;d:1;}', '39000', '300', '23000', '62000', 'transfer_bca', '2018-08-10 10:47:03', '2018-08-11 10:47:03', '1', '1', '1');
INSERT INTO `purchase_order_non_reseller` VALUES ('22', 'ONR-10082018-0011', 'Supri Husnianto duo', '12345', 'lefi.andri@chesna.co.id', '4,Bengkulu', '63,Bengkulu Selatan', 'pati 23', '452', 'pos', '39500,Paket Kilat Khusus(Paket Kilat Khusus)', 'a:2:{i:0;s:1:\"4\";i:1;s:1:\"5\";}', 'a:2:{i:0;d:1;i:1;d:1;}', '39000', '300', '39500', '78500', 'transfer_doku', '2018-08-10 11:00:30', '2018-08-11 11:00:30', '1', '1', '1');
INSERT INTO `purchase_order_non_reseller` VALUES ('23', 'ONR-10082018-0012', 'Inna Dea', '5343', 'lefi.andri@chesna.co.id', '10,Jawa Tengah', '37,Banjarnegara', 'tes', '4577', 'pos', '18000,Paket Kilat Khusus(Paket Kilat Khusus)', 'a:2:{i:0;s:2:\"10\";i:1;s:1:\"6\";}', 'a:2:{i:0;d:1;i:1;d:1;}', '50000', '310', '18000', '68000', 'transfer_bca', '2018-08-10 11:14:25', '2018-08-11 11:14:25', '1', '1', '1');
INSERT INTO `purchase_order_non_reseller` VALUES ('24', 'ONR-10082018-0013', 'Lefi Coba', '123', 'lefi.andri@chesna.co.id', '15,Kalimantan Timur', '89,Bontang', 'tes', '4577', 'jne', '36000,OKE(Ongkos Kirim Ekonomis)', 'a:2:{i:0;s:1:\"3\";i:1;s:1:\"9\";}', 'a:2:{i:0;d:1;i:1;d:1;}', '33500', '300', '36000', '69500', 'transfer_bca', '2018-08-10 11:24:21', '2018-08-11 11:24:21', '1', '1', '1');
INSERT INTO `purchase_order_non_reseller` VALUES ('25', 'ONR-10082018-0014', 'Lefi Surabaya', '123', 'lefi.andri@chesna.co.id', '11,Jawa Timur', '444,Surabaya', 'Jl. Prapen Indah J-12a Surabaya', '4577', 'jne', '5000,CTC(JNE City Courier)', 'a:2:{i:0;s:1:\"5\";i:1;s:1:\"7\";}', 'a:2:{i:0;d:1;i:1;d:1;}', '44000', '300', '5000', '49000', 'transfer_bca', '2018-08-10 12:55:37', '2018-08-11 12:55:37', '1', '1', '1');
INSERT INTO `purchase_order_non_reseller` VALUES ('26', 'ONR-10082018-0015', 'Dyandra', '5678', 'lefi.andri@chesna.co.id', '11,Jawa Timur', '444,Surabaya', 'Jl. Prapen Indah J-12a Surabaya', '4577', 'jne', '5000,CTC(JNE City Courier)', 'a:2:{i:0;s:1:\"4\";i:1;s:1:\"5\";}', 'a:2:{i:0;d:1;i:1;d:1;}', '39000', '300', '5000', '44000', 'transfer_doku', '2018-08-10 01:11:14', '2018-08-11 01:11:14', '1', '1', '1');
INSERT INTO `purchase_order_non_reseller` VALUES ('27', 'ONR-10082018-0016', 'Lefi Chesna', '3456', 'lefi.andri@chesna.co.id', '11,Jawa Timur', '444,Surabaya', 'Jl. Prapen Indah J-12a Surabaya', '4577', 'jne', '5000,CTC(JNE City Courier)', 'a:2:{i:0;s:1:\"6\";i:1;s:1:\"5\";}', 'a:2:{i:0;d:1;i:1;d:1;}', '54000', '450', '5000', '59000', 'transfer_bca', '2018-08-10 01:23:58', '2018-08-11 01:23:58', '1', '1', '1');
INSERT INTO `purchase_order_non_reseller` VALUES ('28', 'ONR-10082018-0017', 'Lefi Chesna', '4546', 'lefi.andri@chesna.co.id', '11,Jawa Timur', '444,Surabaya', 'Jl. Prapen Indah J-12a Surabaya', '4577', 'jne', '5000,CTC(JNE City Courier)', 'a:2:{i:0;s:1:\"5\";i:1;s:1:\"6\";}', 'a:2:{i:0;d:1;i:1;d:1;}', '54000', '450', '5000', '59000', 'transfer_bca', '2018-08-10 01:58:04', '2018-08-11 01:58:04', '1', '1', '1');
INSERT INTO `purchase_order_non_reseller` VALUES ('29', 'ONR-10082018-0018', 'Lefi Chesna', '43445', 'lefi.andri@chesna.co.id', '6,DKI Jakarta', '152,Jakarta Pusat', 'Jl. Prapen Indah J-12a Surabaya', '4577', 'pos', '15000,Paket Kilat Khusus(Paket Kilat Khusus)', 'a:2:{i:0;s:1:\"5\";i:1;s:1:\"6\";}', 'a:2:{i:0;d:1;i:1;d:1;}', '54000', '450', '15000', '69000', 'transfer_bca', '2018-08-10 02:03:03', '2018-08-11 02:03:03', '1', '1', '1');
INSERT INTO `purchase_order_non_reseller` VALUES ('30', 'ONR-10082018-0019', 'Lefi Andri', '09876768129', 'lefi.andri@chesna.co.id', '11,Jawa Timur', '256,Malang', 'Jl. Prapen Indah J-12a Surabaya', '4577', 'jne', '7000,OKE(Ongkos Kirim Ekonomis)', 'a:2:{i:0;s:1:\"5\";i:1;s:1:\"6\";}', 'a:2:{i:0;d:1;i:1;d:1;}', '54000', '450', '7000', '61000', 'transfer_bca', '2018-08-10 02:11:01', '2018-08-11 02:11:01', '1', '1', '1');
INSERT INTO `purchase_order_non_reseller` VALUES ('31', 'ONR-10082018-0020', 'Lefi Chesna', '123', 'lefi.andri@chesna.co.id', '11,Jawa Timur', '247,Madiun', 'Jl. Prapen Indah J-12a Surabaya', '4577', 'jne', '8000,REG(Layanan Reguler)', 'a:3:{i:0;s:1:\"6\";i:1;s:1:\"8\";i:2;s:1:\"5\";}', 'a:3:{i:0;d:1;i:1;d:1;i:2;d:1;}', '66000', '550', '8000', '74000', 'transfer_bca', '2018-08-10 02:29:35', '2018-08-11 02:29:35', '1', '1', '1');
INSERT INTO `purchase_order_non_reseller` VALUES ('32', 'ONR-10082018-0021', 'Lefi Chesna', '123', 'lefi.andri@chesna.co.id', '11,Jawa Timur', '51,Batu', 'Jl. Prapen Indah J-12a Surabaya', '4577', 'pos', '10000,Paket Kilat Khusus(Paket Kilat Khusus)', 'a:2:{i:0;s:1:\"6\";i:1;s:1:\"7\";}', 'a:2:{i:0;d:3;i:1;d:3;}', '150000', '1050', '10000', '160000', 'transfer_bca', '2018-08-10 02:33:11', '2018-08-11 02:33:11', '1', '1', '1');
INSERT INTO `purchase_order_non_reseller` VALUES ('33', 'ONR-14082018-0001', 'Lefi Chesna', '123', 'lefi.andri@chesna.co.id', '3,Banten', '232,Lebak', 'Jl. Prapen Indah J-12a Surabaya', '4577', 'jne', '23000,REG(Layanan Reguler)', 'a:3:{i:0;s:1:\"2\";i:1;s:1:\"3\";i:2;s:1:\"7\";}', 'a:3:{i:0;d:1;i:1;d:2;i:2;d:1;}', '92000', '895', '23000', '115000', 'transfer_doku', '2018-08-14 10:55:44', '2018-08-15 10:55:44', '1', '1', '1');
INSERT INTO `purchase_order_non_reseller` VALUES ('34', 'ONR-14082018-0002', 'yanuar', '123', 'yanuar@kokek.com', '11,Jawa Timur', '409,Sidoarjo', 'Jl. Prapen Indah J-12a Surabaya', '4577', 'jne', '5000,CTC(JNE City Courier)', 'a:3:{i:0;s:1:\"2\";i:1;s:1:\"3\";i:2;s:2:\"10\";}', 'a:3:{i:0;d:1;i:1;d:2;i:2;d:1;}', '92000', '840', '5000', '97000', 'transfer_finpay', '2018-08-14 11:47:50', '2018-08-15 11:47:50', '1', '1', '1');
INSERT INTO `purchase_order_non_reseller` VALUES ('35', 'ONR-28082018-0001', 'Lefi Chesna', '123', 'aa@aa.aa', '2,Bangka Belitung', '28,Bangka Barat', 'Jl. Prapen Indah J-12a Surabaya', '4577', 'pos', '35500,Paket Kilat Khusus(Paket Kilat Khusus)', 'a:3:{i:0;s:1:\"9\";i:1;s:2:\"10\";i:2;s:1:\"2\";}', 'a:3:{i:0;d:1;i:1;d:1;i:2;d:1;}', '53500', '485', '35500', '89000', 'transfer_bca', '2018-08-28 02:29:18', '2018-08-29 02:29:18', '0', '0', '1');

-- ----------------------------
-- Table structure for purchase_order_reseller
-- ----------------------------
DROP TABLE IF EXISTS `purchase_order_reseller`;
CREATE TABLE `purchase_order_reseller` (
  `id` int(10) unsigned NOT NULL AUTO_INCREMENT,
  `order_code_reseller` varchar(255) DEFAULT NULL,
  `reseller_id` mediumint(8) unsigned DEFAULT NULL,
  `produk_id` text DEFAULT NULL,
  `quantity` text DEFAULT NULL,
  `provinsi` varchar(255) DEFAULT NULL,
  `kota` varchar(255) DEFAULT NULL,
  `alamat_order` varchar(255) DEFAULT NULL,
  `kode_pos` varchar(255) DEFAULT NULL,
  `kurir` varchar(255) DEFAULT NULL,
  `layanan` varchar(255) DEFAULT NULL,
  `subtotal_order` varchar(255) DEFAULT NULL,
  `berat_order` varchar(255) DEFAULT NULL,
  `ongkos_kirim` varchar(255) DEFAULT NULL,
  `total_order` varchar(255) DEFAULT NULL,
  `payment_method` varchar(255) DEFAULT NULL,
  `order_date` varchar(255) DEFAULT NULL,
  `order_date_experied` varchar(255) DEFAULT NULL,
  `status_konfirmasi` varchar(255) DEFAULT NULL,
  `konfirmasi_email` varchar(255) DEFAULT NULL,
  `is_temporary_order` varchar(255) DEFAULT NULL,
  PRIMARY KEY (`id`)
) ENGINE=InnoDB AUTO_INCREMENT=23 DEFAULT CHARSET=utf8;

-- ----------------------------
-- Records of purchase_order_reseller
-- ----------------------------
INSERT INTO `purchase_order_reseller` VALUES ('22', 'OMR-28082018-0001', '115', 'a:2:{i:0;s:1:\"6\";i:1;s:1:\"4\";}', 'a:2:{i:0;d:6;i:1;d:6;}', '10,Jawa Tengah', '398,Semarang', 'Jl. Prapen Indah J-12a Surabaya', '4577', 'pos', '15500,Paketpos Biasa(Paketpos Biasa)', '240000', '2700', '15500', '255500', 'transfer_bca', '2018-08-28 04:42:44', '2018-08-29 04:42:44', '0', '0', '1');

-- ----------------------------
-- Table structure for socialmedia
-- ----------------------------
DROP TABLE IF EXISTS `socialmedia`;
CREATE TABLE `socialmedia` (
  `socialId` tinyint(3) unsigned NOT NULL AUTO_INCREMENT,
  `socialType` varchar(15) NOT NULL,
  `socialName` varchar(30) NOT NULL,
  `socialRemark` varchar(100) NOT NULL,
  `socialValue` varchar(255) NOT NULL,
  `socialColor` varchar(100) NOT NULL,
  `socialStatus` varchar(10) NOT NULL,
  `fontAwesome` varchar(25) NOT NULL,
  PRIMARY KEY (`socialId`)
) ENGINE=InnoDB AUTO_INCREMENT=13 DEFAULT CHARSET=utf8;

-- ----------------------------
-- Records of socialmedia
-- ----------------------------
INSERT INTO `socialmedia` VALUES ('1', 'mobiles', 'Mobile', 'ex: +6281265123456', '087852777466', '3f9ab7', 'y', 'fa fa-mobile');
INSERT INTO `socialmedia` VALUES ('2', 'phone', 'Phone', 'ex: +6221-753951', '0851 0090 6450 - (031) 843 5202', 'efc20d', 'y', 'fa fa-phone-square');
INSERT INTO `socialmedia` VALUES ('3', 'email', 'Email', '-', 'info@kokek.com', '00ACED', 'y', 'fa fa-envelope');
INSERT INTO `socialmedia` VALUES ('4', 'facebook', 'Facebook', 'https://www.facebook.com/lolinkidscare', 'https://www.facebook.com/lolinkidscare', '#3B5998', 'y', 'fa fa-facebook');
INSERT INTO `socialmedia` VALUES ('5', 'twitter', 'Twitter', 'https://twitter.com/beesafeid', 'https://twitter.com/', '00ACED', 'y', 'fa fa-twitter-square');
INSERT INTO `socialmedia` VALUES ('6', 'instagram', 'Instagram', 'https://www.instagram.com/lolin_kids_care/', 'https://www.instagram.com/lolin_kids_care/', '#F82B6C', 'y', 'fa fa-instagram');
INSERT INTO `socialmedia` VALUES ('7', 'youtube', 'Youtube', '#', '<p>You Tube</p>', 'CD332D', 'y', '');
INSERT INTO `socialmedia` VALUES ('8', 'gplus', 'Google+', 'ex: https://plus.google.com/id_', 'Google Plus', 'D14836', 'y', '');
INSERT INTO `socialmedia` VALUES ('9', 'fax', 'Fax', '-', '(031) 8473085', '', 'y', 'fa fa-fax');
INSERT INTO `socialmedia` VALUES ('10', 'linkedin', 'Linkedin', '#', '-', '', 'y', 'fa fa-linkedin-square');
INSERT INTO `socialmedia` VALUES ('11', 'address', 'office', '-', 'Jl. Prapen Indah J - 12 A Surabaya 60292Indonesia.', '', 'y', 'fa fa-map');
INSERT INTO `socialmedia` VALUES ('12', '-', 'Jam Kerja', '-', '<p>Senin - Jum&#39;at - 8:00 - 17:00 wib</p><p>Sabtu & Minggu - Tutup</p></p>', '', 'y', 'fa fa-globe');

-- ----------------------------
-- Table structure for status
-- ----------------------------
DROP TABLE IF EXISTS `status`;
CREATE TABLE `status` (
  `id` int(10) unsigned NOT NULL AUTO_INCREMENT,
  `nama_status` varchar(255) DEFAULT NULL,
  PRIMARY KEY (`id`)
) ENGINE=InnoDB AUTO_INCREMENT=3 DEFAULT CHARSET=utf8;

-- ----------------------------
-- Records of status
-- ----------------------------
INSERT INTO `status` VALUES ('1', 'Default');
INSERT INTO `status` VALUES ('2', 'Ditambahkan');

-- ----------------------------
-- Table structure for tags_blog
-- ----------------------------
DROP TABLE IF EXISTS `tags_blog`;
CREATE TABLE `tags_blog` (
  `id` int(10) unsigned NOT NULL AUTO_INCREMENT,
  `nama_tag` varchar(255) DEFAULT NULL,
  PRIMARY KEY (`id`)
) ENGINE=InnoDB AUTO_INCREMENT=7 DEFAULT CHARSET=utf8;

-- ----------------------------
-- Records of tags_blog
-- ----------------------------
INSERT INTO `tags_blog` VALUES ('5', 'kids care');
INSERT INTO `tags_blog` VALUES ('6', 'perawatan');

-- ----------------------------
-- Table structure for tag_line
-- ----------------------------
DROP TABLE IF EXISTS `tag_line`;
CREATE TABLE `tag_line` (
  `id` int(11) unsigned NOT NULL AUTO_INCREMENT,
  `konten` text NOT NULL,
  `perbolehkan_tampil` int(11) NOT NULL,
  `urutan` int(10) NOT NULL,
  PRIMARY KEY (`id`)
) ENGINE=InnoDB AUTO_INCREMENT=5 DEFAULT CHARSET=utf8;

-- ----------------------------
-- Records of tag_line
-- ----------------------------
INSERT INTO `tag_line` VALUES ('3', '<p>Cintaku bertepuk sebelah tangan <strong>kau buat aku</strong></p>', '1', '1');

-- ----------------------------
-- Table structure for temporary_purchase_order
-- ----------------------------
DROP TABLE IF EXISTS `temporary_purchase_order`;
CREATE TABLE `temporary_purchase_order` (
  `id_temporary` int(11) unsigned NOT NULL AUTO_INCREMENT,
  `reseller_id` int(10) unsigned DEFAULT NULL,
  `kode_temporary` varchar(255) DEFAULT NULL,
  `produk_id_temporary` varchar(255) DEFAULT NULL,
  `order_quantity_temporary` varchar(255) DEFAULT NULL,
  `order_date_temporary` datetime DEFAULT NULL,
  `order_date_experied` date DEFAULT NULL,
  `status` int(11) DEFAULT NULL COMMENT '0. dibatalkan 1.pending',
  PRIMARY KEY (`id_temporary`)
) ENGINE=InnoDB AUTO_INCREMENT=268 DEFAULT CHARSET=utf8;

-- ----------------------------
-- Records of temporary_purchase_order
-- ----------------------------
INSERT INTO `temporary_purchase_order` VALUES ('266', '118', 'TMP-15082018-0001', '3', '211', '2018-08-15 10:33:06', '2018-08-16', '0');
INSERT INTO `temporary_purchase_order` VALUES ('267', '118', 'TMP-15082018-0001', '4', '218', '2018-08-15 10:33:06', '2018-08-16', '0');

-- ----------------------------
-- Table structure for testimoni
-- ----------------------------
DROP TABLE IF EXISTS `testimoni`;
CREATE TABLE `testimoni` (
  `id` int(10) unsigned NOT NULL AUTO_INCREMENT,
  `caption` varchar(255) DEFAULT NULL,
  `deskripsi` varchar(255) DEFAULT NULL,
  `nama_file` text DEFAULT NULL,
  `tanggal` datetime DEFAULT NULL,
  `perbolehkan_tampil` varchar(255) DEFAULT NULL,
  `urutan` varchar(255) DEFAULT NULL,
  `admin_id` int(11) DEFAULT NULL,
  PRIMARY KEY (`id`)
) ENGINE=InnoDB AUTO_INCREMENT=2 DEFAULT CHARSET=utf8;

-- ----------------------------
-- Records of testimoni
-- ----------------------------

-- ----------------------------
-- Table structure for testimonial
-- ----------------------------
DROP TABLE IF EXISTS `testimonial`;
CREATE TABLE `testimonial` (
  `testimonialId` int(11) NOT NULL AUTO_INCREMENT,
  `testimonialDesc` text NOT NULL,
  `testimonialDate` date NOT NULL,
  `testimonialPic` varchar(255) NOT NULL,
  `testimonialPicCaption` varchar(255) NOT NULL,
  `testimonialSort` int(11) NOT NULL,
  `testimonialShow` varchar(10) NOT NULL,
  PRIMARY KEY (`testimonialId`)
) ENGINE=InnoDB AUTO_INCREMENT=7 DEFAULT CHARSET=utf8;

-- ----------------------------
-- Records of testimonial
-- ----------------------------

-- ----------------------------
-- Table structure for tipe_transaksi
-- ----------------------------
DROP TABLE IF EXISTS `tipe_transaksi`;
CREATE TABLE `tipe_transaksi` (
  `id` int(11) unsigned NOT NULL AUTO_INCREMENT,
  `nama_transaksi` varchar(255) DEFAULT NULL,
  `alias` varchar(255) DEFAULT NULL,
  PRIMARY KEY (`id`)
) ENGINE=InnoDB AUTO_INCREMENT=5 DEFAULT CHARSET=utf8;

-- ----------------------------
-- Records of tipe_transaksi
-- ----------------------------
INSERT INTO `tipe_transaksi` VALUES ('1', 'order', 'Poin Reward');
INSERT INTO `tipe_transaksi` VALUES ('2', 'tukar_poin', 'Penukaran Poin');
INSERT INTO `tipe_transaksi` VALUES ('3', 'sisa_poin', 'Sisa Poin');
INSERT INTO `tipe_transaksi` VALUES ('4', 'lain_lain', 'Lain lain');

-- ----------------------------
-- Table structure for tukar_poin
-- ----------------------------
DROP TABLE IF EXISTS `tukar_poin`;
CREATE TABLE `tukar_poin` (
  `tukar_poin_id` int(10) unsigned NOT NULL AUTO_INCREMENT,
  `reseller_id` mediumint(8) unsigned NOT NULL,
  `bonus_poin_id` int(11) DEFAULT NULL,
  `kode_tukar_poin` varchar(255) DEFAULT NULL,
  `tanggal_tukar_poin` datetime DEFAULT NULL,
  `acc_tukar_poin` int(11) DEFAULT NULL,
  `tanggal_acc` varchar(255) DEFAULT NULL,
  `bank_id` int(11) unsigned DEFAULT NULL,
  `nomor_rekening` varchar(255) DEFAULT NULL,
  `nama_pemilik_rekening` varchar(255) DEFAULT NULL,
  `konfirmasi_email_status` int(11) DEFAULT NULL COMMENT '1 = dikonfirmasi 0 = belum',
  `konfirmasi_email_pesan` text DEFAULT NULL,
  PRIMARY KEY (`tukar_poin_id`),
  KEY `tukar_poin_ibfk_1` (`bonus_poin_id`),
  KEY `tukar_poin_ibfk_2` (`reseller_id`),
  CONSTRAINT `tukar_poin_ibfk_1` FOREIGN KEY (`bonus_poin_id`) REFERENCES `bonus_poin` (`bonus_poin_id`) ON UPDATE CASCADE,
  CONSTRAINT `tukar_poin_ibfk_2` FOREIGN KEY (`reseller_id`) REFERENCES `users` (`id`) ON UPDATE CASCADE
) ENGINE=InnoDB AUTO_INCREMENT=13 DEFAULT CHARSET=utf8;

-- ----------------------------
-- Records of tukar_poin
-- ----------------------------
INSERT INTO `tukar_poin` VALUES ('8', '118', '19', 'TPP-15082018-0001', '2018-08-15 10:33:35', '1', '2018-08-16 10:24:17', null, null, null, null, null);
INSERT INTO `tukar_poin` VALUES ('9', '118', '19', 'TPP-15082018-0002', '2018-08-15 03:41:53', '1', '2018-08-16 04:32:36', '12', '123', 'Lefi', null, null);
INSERT INTO `tukar_poin` VALUES ('10', '118', '19', 'TPP-16082018-0001', '2018-08-16 08:13:11', '1', '2018-08-16 04:32:31', '12', '123', 'cece', '1', '<p>untuk keterangan</p>');
INSERT INTO `tukar_poin` VALUES ('11', '118', '19', 'TPP-16082018-0002', '2018-08-16 09:15:25', '1', '2018-08-16 04:32:25', '99', '123', 'Lefi', null, null);
INSERT INTO `tukar_poin` VALUES ('12', '118', '19', 'TPP-20082018-0001', '2018-08-20 02:55:05', '0', null, '99', '321', 'Lefi abc', null, null);

-- ----------------------------
-- Table structure for unggah_file
-- ----------------------------
DROP TABLE IF EXISTS `unggah_file`;
CREATE TABLE `unggah_file` (
  `id` int(10) unsigned NOT NULL AUTO_INCREMENT,
  `caption` varchar(255) DEFAULT NULL,
  `nama_file` varchar(255) DEFAULT NULL,
  `tipe_file` varchar(255) DEFAULT NULL,
  `ukuran_file` varchar(255) DEFAULT NULL,
  `ekstensi_file` varchar(255) DEFAULT NULL,
  `tanggal` datetime DEFAULT NULL,
  `admin_id` int(11) DEFAULT NULL,
  PRIMARY KEY (`id`)
) ENGINE=InnoDB AUTO_INCREMENT=9 DEFAULT CHARSET=utf8;

-- ----------------------------
-- Records of unggah_file
-- ----------------------------

-- ----------------------------
-- Table structure for unggah_gambar
-- ----------------------------
DROP TABLE IF EXISTS `unggah_gambar`;
CREATE TABLE `unggah_gambar` (
  `id` int(11) unsigned NOT NULL AUTO_INCREMENT,
  `caption` varchar(255) DEFAULT NULL,
  `nama_file` varchar(255) DEFAULT NULL,
  `tanggal` datetime DEFAULT NULL,
  `admin_id` int(11) DEFAULT NULL,
  PRIMARY KEY (`id`)
) ENGINE=InnoDB AUTO_INCREMENT=3 DEFAULT CHARSET=utf8;

-- ----------------------------
-- Records of unggah_gambar
-- ----------------------------

-- ----------------------------
-- Table structure for users
-- ----------------------------
DROP TABLE IF EXISTS `users`;
CREATE TABLE `users` (
  `id` mediumint(8) unsigned NOT NULL AUTO_INCREMENT,
  `group_id` mediumint(8) unsigned NOT NULL,
  `ip_address` char(16) NOT NULL,
  `username` varchar(30) NOT NULL,
  `password` varchar(40) NOT NULL,
  `salt` varchar(40) DEFAULT NULL,
  `email` varchar(254) NOT NULL,
  `activation_code` varchar(40) DEFAULT NULL,
  `forgotten_password_code` varchar(40) DEFAULT NULL,
  `remember_code` varchar(40) DEFAULT NULL,
  `created_on` int(11) unsigned NOT NULL,
  `last_login` int(11) unsigned DEFAULT NULL,
  `active` tinyint(1) unsigned DEFAULT NULL,
  PRIMARY KEY (`id`),
  KEY `users_ibfk_1` (`group_id`),
  CONSTRAINT `users_ibfk_1` FOREIGN KEY (`group_id`) REFERENCES `groups` (`id`) ON UPDATE CASCADE
) ENGINE=InnoDB AUTO_INCREMENT=119 DEFAULT CHARSET=utf8;

-- ----------------------------
-- Records of users
-- ----------------------------
INSERT INTO `users` VALUES ('1', '1', '127.0.0.1', 'administrator', '32c69c63796b7aa91ed4cbd1572a9cfe6c319ed1', '9462e8eee0', 'admin@admin.com', '', null, null, '1268889823', '1529937480', '1');
INSERT INTO `users` VALUES ('16', '1', '::1', 'lefi.andri@koke', '9b6682f313b0531678a718b7fddc3d5b50803e04', null, 'lefi.andri@kokek.com', '', null, null, '1529390685', '1535441439', '1');
INSERT INTO `users` VALUES ('115', '3', '::1', 'lefi.andri@chesna.co.id', '26a0b31f95fc980d58abac2ec2b2422be19907ba', null, 'lefi.andri@chesna.co.id', null, null, null, '1533096394', '1535448674', '1');
INSERT INTO `users` VALUES ('116', '4', '::1', 'lefi.andri@beesafe.co.id', '2146a53105e1f073dde802f17a9f5a12adc845b0', null, 'lefi.andri@beesafe.co.id', null, null, null, '1533096786', '1533863489', '1');
INSERT INTO `users` VALUES ('118', '3', '192.168.1.111', 'lefi.andri@lolin.co.id', '7538d5fe6572fa55ea475c6ea947a0333b0fc3bf', null, 'lefi.andri@lolin.co.id', null, null, null, '1534296843', '1534814649', '1');
